user_id,usia,jenis_kelamin,tinggi_badan,berat_badan,aktivitas_fisik,pekerjaan_guru,pekerjaan_mahasiswa,pekerjaan_pns,pekerjaan_polisi,pekerjaan_siswa,pekerjaan_staff,pekerjaan_wirausaha,waktu_makan,harga_minimal,harga_maksimal,asin,manis,asam,gurih,pedas,renyah,halus,creamy,kental,digoreng,direbus,dibakar,dikukus,cepat_saji,beli,ranking,makanan,rating
1,21,0,154,55,0,0,1,0,0,0,0,0,2,10000.0,20000.0,2,5,1,2,9,8,6,5,4,9,7,2,3,1.0,1,1,63,5
1,21,0,154,55,0,0,1,0,0,0,0,0,2,10000.0,20000.0,2,5,1,2,9,8,6,5,4,9,7,2,3,1.0,1,2,4,4
1,21,0,154,55,0,0,1,0,0,0,0,0,2,10000.0,20000.0,2,5,1,2,9,8,6,5,4,9,7,2,3,1.0,1,3,129,3
1,21,0,154,55,0,0,1,0,0,0,0,0,2,10000.0,20000.0,2,5,1,2,9,8,6,5,4,9,7,2,3,1.0,1,4,145,2
1,21,0,154,55,0,0,1,0,0,0,0,0,2,10000.0,20000.0,2,5,1,2,9,8,6,5,4,9,7,2,3,1.0,1,5,135,1
1,21,0,154,55,0,0,1,0,0,0,0,0,1,10000.0,25000.0,2,3,1,5,10,9,7,6,5,10,4,3,1,1.0,1,1,58,5
1,21,0,154,55,0,0,1,0,0,0,0,0,1,10000.0,25000.0,2,3,1,5,10,9,7,6,5,10,4,3,1,1.0,1,2,103,4
1,21,0,154,55,0,0,1,0,0,0,0,0,1,10000.0,25000.0,2,3,1,5,10,9,7,6,5,10,4,3,1,1.0,1,3,60,3
1,21,0,154,55,0,0,1,0,0,0,0,0,1,10000.0,25000.0,2,3,1,5,10,9,7,6,5,10,4,3,1,1.0,1,4,115,2
1,21,0,154,55,0,0,1,0,0,0,0,0,1,10000.0,25000.0,2,3,1,5,10,9,7,6,5,10,4,3,1,1.0,1,5,63,1
1,21,0,154,55,0,0,1,0,0,0,0,0,0,10000.0,25000.0,4,4,2,3,10,10,5,3,2,9,3,4,1,1.0,1,1,20,5
1,21,0,154,55,0,0,1,0,0,0,0,0,0,10000.0,25000.0,4,4,2,3,10,10,5,3,2,9,3,4,1,1.0,1,2,20,4
1,21,0,154,55,0,0,1,0,0,0,0,0,0,10000.0,25000.0,4,4,2,3,10,10,5,3,2,9,3,4,1,1.0,1,3,129,3
1,21,0,154,55,0,0,1,0,0,0,0,0,0,10000.0,25000.0,4,4,2,3,10,10,5,3,2,9,3,4,1,1.0,1,4,135,2
1,21,0,154,55,0,0,1,0,0,0,0,0,0,10000.0,25000.0,4,4,2,3,10,10,5,3,2,9,3,4,1,1.0,1,5,63,1
1,21,0,154,55,0,0,1,0,0,0,0,0,3,5000.0,15000.0,6,7,1,3,10,8,5,3,2,9,6,2,4,1.0,1,1,5,5
1,21,0,154,55,0,0,1,0,0,0,0,0,3,5000.0,15000.0,6,7,1,3,10,8,5,3,2,9,6,2,4,1.0,1,2,6,4
1,21,0,154,55,0,0,1,0,0,0,0,0,3,5000.0,15000.0,6,7,1,3,10,8,5,3,2,9,6,2,4,1.0,1,3,131,3
1,21,0,154,55,0,0,1,0,0,0,0,0,3,5000.0,15000.0,6,7,1,3,10,8,5,3,2,9,6,2,4,1.0,1,4,55,2
1,21,0,154,55,0,0,1,0,0,0,0,0,3,5000.0,15000.0,6,7,1,3,10,8,5,3,2,9,6,2,4,1.0,1,5,129,1
2,22,1,170,53,0,0,1,0,0,0,0,0,2,10000.0,20000.0,8,7,1,8,8,7,1,1,1,9,8,7,1,0.0,1,1,156,5
2,22,1,170,53,0,0,1,0,0,0,0,0,2,10000.0,20000.0,8,7,1,8,8,7,1,1,1,9,8,7,1,0.0,1,2,63,4
2,22,1,170,53,0,0,1,0,0,0,0,0,2,10000.0,20000.0,8,7,1,8,8,7,1,1,1,9,8,7,1,0.0,1,3,115,3
2,22,1,170,53,0,0,1,0,0,0,0,0,2,10000.0,20000.0,8,7,1,8,8,7,1,1,1,9,8,7,1,0.0,1,4,81,2
2,22,1,170,53,0,0,1,0,0,0,0,0,2,10000.0,20000.0,8,7,1,8,8,7,1,1,1,9,8,7,1,0.0,1,5,57,1
2,22,1,170,53,0,0,1,0,0,0,0,0,1,10000.0,20000.0,9,4,1,10,7,7,3,1,1,9,4,3,3,0.0,1,1,95,5
2,22,1,170,53,0,0,1,0,0,0,0,0,1,10000.0,20000.0,9,4,1,10,7,7,3,1,1,9,4,3,3,0.0,1,2,42,4
2,22,1,170,53,0,0,1,0,0,0,0,0,1,10000.0,20000.0,9,4,1,10,7,7,3,1,1,9,4,3,3,0.0,1,3,58,3
2,22,1,170,53,0,0,1,0,0,0,0,0,1,10000.0,20000.0,9,4,1,10,7,7,3,1,1,9,4,3,3,0.0,1,4,80,2
2,22,1,170,53,0,0,1,0,0,0,0,0,1,10000.0,20000.0,9,4,1,10,7,7,3,1,1,9,4,3,3,0.0,1,5,91,1
2,22,1,170,53,0,0,1,0,0,0,0,0,0,10000.0,15000.0,9,4,1,9,2,7,5,1,1,5,5,5,8,1.0,1,1,126,5
2,22,1,170,53,0,0,1,0,0,0,0,0,0,10000.0,15000.0,9,4,1,9,2,7,5,1,1,5,5,5,8,1.0,1,2,40,4
2,22,1,170,53,0,0,1,0,0,0,0,0,0,10000.0,15000.0,9,4,1,9,2,7,5,1,1,5,5,5,8,1.0,1,3,52,3
2,22,1,170,53,0,0,1,0,0,0,0,0,0,10000.0,15000.0,9,4,1,9,2,7,5,1,1,5,5,5,8,1.0,1,4,120,2
2,22,1,170,53,0,0,1,0,0,0,0,0,0,10000.0,15000.0,9,4,1,9,2,7,5,1,1,5,5,5,8,1.0,1,5,94,1
2,22,1,170,53,0,0,1,0,0,0,0,0,3,5000.0,20000.0,9,7,1,6,1,8,4,1,1,8,1,1,9,0.0,1,1,34,5
2,22,1,170,53,0,0,1,0,0,0,0,0,3,5000.0,20000.0,9,7,1,6,1,8,4,1,1,8,1,1,9,0.0,1,2,53,4
2,22,1,170,53,0,0,1,0,0,0,0,0,3,5000.0,20000.0,9,7,1,6,1,8,4,1,1,8,1,1,9,0.0,1,3,145,3
2,22,1,170,53,0,0,1,0,0,0,0,0,3,5000.0,20000.0,9,7,1,6,1,8,4,1,1,8,1,1,9,0.0,1,4,160,2
2,22,1,170,53,0,0,1,0,0,0,0,0,3,5000.0,20000.0,9,7,1,6,1,8,4,1,1,8,1,1,9,0.0,1,5,167,1
3,20,0,158,56,0,0,1,0,0,0,0,0,2,10000.0,15000.0,7,7,5,5,4,5,5,5,4,6,6,7,6,1.0,0,1,58,5
3,20,0,158,56,0,0,1,0,0,0,0,0,2,10000.0,15000.0,7,7,5,5,4,5,5,5,4,6,6,7,6,1.0,0,2,59,4
3,20,0,158,56,0,0,1,0,0,0,0,0,2,10000.0,15000.0,7,7,5,5,4,5,5,5,4,6,6,7,6,1.0,0,3,115,3
3,20,0,158,56,0,0,1,0,0,0,0,0,2,10000.0,15000.0,7,7,5,5,4,5,5,5,4,6,6,7,6,1.0,0,4,94,2
3,20,0,158,56,0,0,1,0,0,0,0,0,2,10000.0,15000.0,7,7,5,5,4,5,5,5,4,6,6,7,6,1.0,0,5,56,1
3,20,0,158,56,0,0,1,0,0,0,0,0,1,10000.0,25000.0,6,5,7,6,6,6,4,4,4,7,6,6,6,1.0,0,1,111,5
3,20,0,158,56,0,0,1,0,0,0,0,0,1,10000.0,25000.0,6,5,7,6,6,6,4,4,4,7,6,6,6,1.0,0,2,121,4
3,20,0,158,56,0,0,1,0,0,0,0,0,1,10000.0,25000.0,6,5,7,6,6,6,4,4,4,7,6,6,6,1.0,0,3,102,3
3,20,0,158,56,0,0,1,0,0,0,0,0,1,10000.0,25000.0,6,5,7,6,6,6,4,4,4,7,6,6,6,1.0,0,4,87,2
3,20,0,158,56,0,0,1,0,0,0,0,0,1,10000.0,25000.0,6,5,7,6,6,6,4,4,4,7,6,6,6,1.0,0,5,53,1
3,20,0,158,56,0,0,1,0,0,0,0,0,0,5000.0,10000.0,5,6,7,5,5,6,4,4,4,6,6,7,6,1.0,1,1,120,5
3,20,0,158,56,0,0,1,0,0,0,0,0,0,5000.0,10000.0,5,6,7,5,5,6,4,4,4,6,6,7,6,1.0,1,2,104,4
3,20,0,158,56,0,0,1,0,0,0,0,0,0,5000.0,10000.0,5,6,7,5,5,6,4,4,4,6,6,7,6,1.0,1,3,94,3
3,20,0,158,56,0,0,1,0,0,0,0,0,0,5000.0,10000.0,5,6,7,5,5,6,4,4,4,6,6,7,6,1.0,1,4,22,2
3,20,0,158,56,0,0,1,0,0,0,0,0,0,5000.0,10000.0,5,6,7,5,5,6,4,4,4,6,6,7,6,1.0,1,5,9,1
3,20,0,158,56,0,0,1,0,0,0,0,0,3,2000.0,5000.0,5,7,4,4,4,7,4,3,3,6,5,4,5,1.0,1,1,26,5
3,20,0,158,56,0,0,1,0,0,0,0,0,3,2000.0,5000.0,5,7,4,4,4,7,4,3,3,6,5,4,5,1.0,1,2,167,4
3,20,0,158,56,0,0,1,0,0,0,0,0,3,2000.0,5000.0,5,7,4,4,4,7,4,3,3,6,5,4,5,1.0,1,3,145,3
3,20,0,158,56,0,0,1,0,0,0,0,0,3,2000.0,5000.0,5,7,4,4,4,7,4,3,3,6,5,4,5,1.0,1,4,5,2
3,20,0,158,56,0,0,1,0,0,0,0,0,3,2000.0,5000.0,5,7,4,4,4,7,4,3,3,6,5,4,5,1.0,1,5,33,1
4,20,0,155,44,0,0,1,0,0,0,0,0,2,15000.0,25000.0,7,5,1,9,8,9,1,1,1,8,7,6,5,1.0,0,1,57,5
4,20,0,155,44,0,0,1,0,0,0,0,0,2,15000.0,25000.0,7,5,1,9,8,9,1,1,1,8,7,6,5,1.0,0,2,145,4
4,20,0,155,44,0,0,1,0,0,0,0,0,2,15000.0,25000.0,7,5,1,9,8,9,1,1,1,8,7,6,5,1.0,0,3,4,3
4,20,0,155,44,0,0,1,0,0,0,0,0,2,15000.0,25000.0,7,5,1,9,8,9,1,1,1,8,7,6,5,1.0,0,4,56,2
4,20,0,155,44,0,0,1,0,0,0,0,0,2,15000.0,25000.0,7,5,1,9,8,9,1,1,1,8,7,6,5,1.0,0,5,91,1
4,20,0,155,44,0,0,1,0,0,0,0,0,1,15000.0,30000.0,7,5,1,8,9,8,1,1,1,10,9,10,8,0.0,1,1,4,5
4,20,0,155,44,0,0,1,0,0,0,0,0,1,15000.0,30000.0,7,5,1,8,9,8,1,1,1,10,9,10,8,0.0,1,2,63,4
4,20,0,155,44,0,0,1,0,0,0,0,0,1,15000.0,30000.0,7,5,1,8,9,8,1,1,1,10,9,10,8,0.0,1,3,78,3
4,20,0,155,44,0,0,1,0,0,0,0,0,1,15000.0,30000.0,7,5,1,8,9,8,1,1,1,10,9,10,8,0.0,1,4,22,2
4,20,0,155,44,0,0,1,0,0,0,0,0,1,15000.0,30000.0,7,5,1,8,9,8,1,1,1,10,9,10,8,0.0,1,5,57,1
4,20,0,155,44,0,0,1,0,0,0,0,0,0,10000.0,15000.0,6,7,1,8,3,7,4,2,3,10,5,3,5,1.0,0,1,163,5
4,20,0,155,44,0,0,1,0,0,0,0,0,0,10000.0,15000.0,6,7,1,8,3,7,4,2,3,10,5,3,5,1.0,0,2,17,4
4,20,0,155,44,0,0,1,0,0,0,0,0,0,10000.0,15000.0,6,7,1,8,3,7,4,2,3,10,5,3,5,1.0,0,3,131,3
4,20,0,155,44,0,0,1,0,0,0,0,0,0,10000.0,15000.0,6,7,1,8,3,7,4,2,3,10,5,3,5,1.0,0,4,93,2
4,20,0,155,44,0,0,1,0,0,0,0,0,0,10000.0,15000.0,6,7,1,8,3,7,4,2,3,10,5,3,5,1.0,0,5,94,1
4,20,0,155,44,0,0,1,0,0,0,0,0,3,10000.0,15000.0,3,10,1,10,2,10,1,1,1,5,4,1,5,0.0,1,1,15,5
4,20,0,155,44,0,0,1,0,0,0,0,0,3,10000.0,15000.0,3,10,1,10,2,10,1,1,1,5,4,1,5,0.0,1,2,36,4
4,20,0,155,44,0,0,1,0,0,0,0,0,3,10000.0,15000.0,3,10,1,10,2,10,1,1,1,5,4,1,5,0.0,1,3,33,3
4,20,0,155,44,0,0,1,0,0,0,0,0,3,10000.0,15000.0,3,10,1,10,2,10,1,1,1,5,4,1,5,0.0,1,4,162,2
4,20,0,155,44,0,0,1,0,0,0,0,0,3,10000.0,15000.0,3,10,1,10,2,10,1,1,1,5,4,1,5,0.0,1,5,9,1
5,20,0,158,40,0,0,1,0,0,0,0,0,2,5000.0,25000.0,5,7,4,7,9,9,6,4,4,9,9,9,7,1.0,1,1,104,5
5,20,0,158,40,0,0,1,0,0,0,0,0,2,5000.0,25000.0,5,7,4,7,9,9,6,4,4,9,9,9,7,1.0,1,2,24,4
5,20,0,158,40,0,0,1,0,0,0,0,0,2,5000.0,25000.0,5,7,4,7,9,9,6,4,4,9,9,9,7,1.0,1,3,4,3
5,20,0,158,40,0,0,1,0,0,0,0,0,2,5000.0,25000.0,5,7,4,7,9,9,6,4,4,9,9,9,7,1.0,1,4,58,2
5,20,0,158,40,0,0,1,0,0,0,0,0,2,5000.0,25000.0,5,7,4,7,9,9,6,4,4,9,9,9,7,1.0,1,5,62,1
5,20,0,158,40,0,0,1,0,0,0,0,0,1,3000.0,15000.0,4,5,3,9,9,9,7,8,4,9,7,7,6,1.0,0,1,111,5
5,20,0,158,40,0,0,1,0,0,0,0,0,1,3000.0,15000.0,4,5,3,9,9,9,7,8,4,9,7,7,6,1.0,0,2,104,4
5,20,0,158,40,0,0,1,0,0,0,0,0,1,3000.0,15000.0,4,5,3,9,9,9,7,8,4,9,7,7,6,1.0,0,3,22,3
5,20,0,158,40,0,0,1,0,0,0,0,0,1,3000.0,15000.0,4,5,3,9,9,9,7,8,4,9,7,7,6,1.0,0,4,145,2
5,20,0,158,40,0,0,1,0,0,0,0,0,1,3000.0,15000.0,4,5,3,9,9,9,7,8,4,9,7,7,6,1.0,0,5,63,1
5,20,0,158,40,0,0,1,0,0,0,0,0,0,2000.0,15000.0,4,5,2,6,5,6,5,5,4,7,7,6,5,1.0,0,1,19,5
5,20,0,158,40,0,0,1,0,0,0,0,0,0,2000.0,15000.0,4,5,2,6,5,6,5,5,4,7,7,6,5,1.0,0,2,93,4
5,20,0,158,40,0,0,1,0,0,0,0,0,0,2000.0,15000.0,4,5,2,6,5,6,5,5,4,7,7,6,5,1.0,0,3,104,3
5,20,0,158,40,0,0,1,0,0,0,0,0,0,2000.0,15000.0,4,5,2,6,5,6,5,5,4,7,7,6,5,1.0,0,4,115,2
5,20,0,158,40,0,0,1,0,0,0,0,0,0,2000.0,15000.0,4,5,2,6,5,6,5,5,4,7,7,6,5,1.0,0,5,120,1
5,20,0,158,40,0,0,1,0,0,0,0,0,3,2000.0,10000.0,5,9,3,9,9,9,6,4,5,7,2,2,2,1.0,1,1,170,5
5,20,0,158,40,0,0,1,0,0,0,0,0,3,2000.0,10000.0,5,9,3,9,9,9,6,4,5,7,2,2,2,1.0,1,2,36,4
5,20,0,158,40,0,0,1,0,0,0,0,0,3,2000.0,10000.0,5,9,3,9,9,9,6,4,5,7,2,2,2,1.0,1,3,129,3
5,20,0,158,40,0,0,1,0,0,0,0,0,3,2000.0,10000.0,5,9,3,9,9,9,6,4,5,7,2,2,2,1.0,1,4,15,2
5,20,0,158,40,0,0,1,0,0,0,0,0,3,2000.0,10000.0,5,9,3,9,9,9,6,4,5,7,2,2,2,1.0,1,5,167,1
6,20,0,150,45,1,0,1,0,0,0,0,0,2,10000.0,40000.0,7,6,6,8,6,7,8,5,5,9,6,9,6,1.0,1,1,83,5
6,20,0,150,45,1,0,1,0,0,0,0,0,2,10000.0,40000.0,7,6,6,8,6,7,8,5,5,9,6,9,6,1.0,1,2,81,4
6,20,0,150,45,1,0,1,0,0,0,0,0,2,10000.0,40000.0,7,6,6,8,6,7,8,5,5,9,6,9,6,1.0,1,3,64,3
6,20,0,150,45,1,0,1,0,0,0,0,0,2,10000.0,40000.0,7,6,6,8,6,7,8,5,5,9,6,9,6,1.0,1,4,57,2
6,20,0,150,45,1,0,1,0,0,0,0,0,2,10000.0,40000.0,7,6,6,8,6,7,8,5,5,9,6,9,6,1.0,1,5,62,1
6,20,0,150,45,1,0,1,0,0,0,0,0,1,10000.0,40000.0,7,5,7,9,6,8,5,4,6,8,4,6,7,0.0,0,1,113,5
6,20,0,150,45,1,0,1,0,0,0,0,0,1,10000.0,40000.0,7,5,7,9,6,8,5,4,6,8,4,6,7,0.0,0,2,123,4
6,20,0,150,45,1,0,1,0,0,0,0,0,1,10000.0,40000.0,7,5,7,9,6,8,5,4,6,8,4,6,7,0.0,0,3,68,3
6,20,0,150,45,1,0,1,0,0,0,0,0,1,10000.0,40000.0,7,5,7,9,6,8,5,4,6,8,4,6,7,0.0,0,4,110,2
6,20,0,150,45,1,0,1,0,0,0,0,0,1,10000.0,40000.0,7,5,7,9,6,8,5,4,6,8,4,6,7,0.0,0,5,63,1
6,20,0,150,45,1,0,1,0,0,0,0,0,0,5000.0,20000.0,4,8,4,7,5,8,9,4,8,7,2,2,2,0.0,0,1,135,5
6,20,0,150,45,1,0,1,0,0,0,0,0,0,5000.0,20000.0,4,8,4,7,5,8,9,4,8,7,2,2,2,0.0,0,2,144,4
6,20,0,150,45,1,0,1,0,0,0,0,0,0,5000.0,20000.0,4,8,4,7,5,8,9,4,8,7,2,2,2,0.0,0,3,160,3
6,20,0,150,45,1,0,1,0,0,0,0,0,0,5000.0,20000.0,4,8,4,7,5,8,9,4,8,7,2,2,2,0.0,0,4,60,2
6,20,0,150,45,1,0,1,0,0,0,0,0,0,5000.0,20000.0,4,8,4,7,5,8,9,4,8,7,2,2,2,0.0,0,5,24,1
6,20,0,150,45,1,0,1,0,0,0,0,0,3,5000.0,15000.0,6,8,6,6,8,7,7,7,5,8,7,8,8,1.0,1,1,32,5
6,20,0,150,45,1,0,1,0,0,0,0,0,3,5000.0,15000.0,6,8,6,6,8,7,7,7,5,8,7,8,8,1.0,1,2,6,4
6,20,0,150,45,1,0,1,0,0,0,0,0,3,5000.0,15000.0,6,8,6,6,8,7,7,7,5,8,7,8,8,1.0,1,3,169,3
6,20,0,150,45,1,0,1,0,0,0,0,0,3,5000.0,15000.0,6,8,6,6,8,7,7,7,5,8,7,8,8,1.0,1,4,33,2
6,20,0,150,45,1,0,1,0,0,0,0,0,3,5000.0,15000.0,6,8,6,6,8,7,7,7,5,8,7,8,8,1.0,1,5,129,1
7,21,1,177,88,1,0,1,0,0,0,0,0,2,10000.0,25000.0,7,8,6,7,5,6,8,8,8,8,8,9,9,1.0,1,1,15,5
7,21,1,177,88,1,0,1,0,0,0,0,0,2,10000.0,25000.0,7,8,6,7,5,6,8,8,8,8,8,9,9,1.0,1,2,17,4
7,21,1,177,88,1,0,1,0,0,0,0,0,2,10000.0,25000.0,7,8,6,7,5,6,8,8,8,8,8,9,9,1.0,1,3,145,3
7,21,1,177,88,1,0,1,0,0,0,0,0,2,10000.0,25000.0,7,8,6,7,5,6,8,8,8,8,8,9,9,1.0,1,4,23,2
7,21,1,177,88,1,0,1,0,0,0,0,0,2,10000.0,25000.0,7,8,6,7,5,6,8,8,8,8,8,9,9,1.0,1,5,40,1
7,21,1,177,88,1,0,1,0,0,0,0,0,1,15000.0,25000.0,9,2,8,8,8,8,7,6,6,9,9,9,8,1.0,0,1,63,5
7,21,1,177,88,1,0,1,0,0,0,0,0,1,15000.0,25000.0,9,2,8,8,8,8,7,6,6,9,9,9,8,1.0,0,2,121,4
7,21,1,177,88,1,0,1,0,0,0,0,0,1,15000.0,25000.0,9,2,8,8,8,8,7,6,6,9,9,9,8,1.0,0,3,62,3
7,21,1,177,88,1,0,1,0,0,0,0,0,1,15000.0,25000.0,9,2,8,8,8,8,7,6,6,9,9,9,8,1.0,0,4,64,2
7,21,1,177,88,1,0,1,0,0,0,0,0,1,15000.0,25000.0,9,2,8,8,8,8,7,6,6,9,9,9,8,1.0,0,5,94,1
7,21,1,177,88,1,0,1,0,0,0,0,0,0,10000.0,20000.0,8,6,4,5,5,6,6,4,4,7,4,5,6,1.0,0,1,11,5
7,21,1,177,88,1,0,1,0,0,0,0,0,0,10000.0,20000.0,8,6,4,5,5,6,6,4,4,7,4,5,6,1.0,0,2,40,4
7,21,1,177,88,1,0,1,0,0,0,0,0,0,10000.0,20000.0,8,6,4,5,5,6,6,4,4,7,4,5,6,1.0,0,3,42,3
7,21,1,177,88,1,0,1,0,0,0,0,0,0,10000.0,20000.0,8,6,4,5,5,6,6,4,4,7,4,5,6,1.0,0,4,52,2
7,21,1,177,88,1,0,1,0,0,0,0,0,0,10000.0,20000.0,8,6,4,5,5,6,6,4,4,7,4,5,6,1.0,0,5,126,1
7,21,1,177,88,1,0,1,0,0,0,0,0,3,10000.0,15000.0,8,8,6,6,6,7,7,8,8,7,7,7,7,1.0,1,1,18,5
7,21,1,177,88,1,0,1,0,0,0,0,0,3,10000.0,15000.0,8,8,6,6,6,7,7,8,8,7,7,7,7,1.0,1,2,170,4
7,21,1,177,88,1,0,1,0,0,0,0,0,3,10000.0,15000.0,8,8,6,6,6,7,7,8,8,7,7,7,7,1.0,1,3,169,3
7,21,1,177,88,1,0,1,0,0,0,0,0,3,10000.0,15000.0,8,8,6,6,6,7,7,8,8,7,7,7,7,1.0,1,4,15,2
7,21,1,177,88,1,0,1,0,0,0,0,0,3,10000.0,15000.0,8,8,6,6,6,7,7,8,8,7,7,7,7,1.0,1,5,167,1
8,19,1,160,60,1,0,1,0,0,0,0,0,2,15000.0,30000.0,4,10,1,10,1,8,10,6,3,8,2,7,2,1.0,1,1,22,5
8,19,1,160,60,1,0,1,0,0,0,0,0,2,15000.0,30000.0,4,10,1,10,1,8,10,6,3,8,2,7,2,1.0,1,2,81,4
8,19,1,160,60,1,0,1,0,0,0,0,0,2,15000.0,30000.0,4,10,1,10,1,8,10,6,3,8,2,7,2,1.0,1,3,80,3
8,19,1,160,60,1,0,1,0,0,0,0,0,2,15000.0,30000.0,4,10,1,10,1,8,10,6,3,8,2,7,2,1.0,1,4,145,2
8,19,1,160,60,1,0,1,0,0,0,0,0,2,15000.0,30000.0,4,10,1,10,1,8,10,6,3,8,2,7,2,1.0,1,5,55,1
8,19,1,160,60,1,0,1,0,0,0,0,0,1,10000.0,30000.0,5,8,2,10,1,8,9,3,1,8,4,10,1,1.0,0,1,58,5
8,19,1,160,60,1,0,1,0,0,0,0,0,1,10000.0,30000.0,5,8,2,10,1,8,9,3,1,8,4,10,1,1.0,0,2,16,4
8,19,1,160,60,1,0,1,0,0,0,0,0,1,10000.0,30000.0,5,8,2,10,1,8,9,3,1,8,4,10,1,1.0,0,3,20,3
8,19,1,160,60,1,0,1,0,0,0,0,0,1,10000.0,30000.0,5,8,2,10,1,8,9,3,1,8,4,10,1,1.0,0,4,6,2
8,19,1,160,60,1,0,1,0,0,0,0,0,1,10000.0,30000.0,5,8,2,10,1,8,9,3,1,8,4,10,1,1.0,0,5,64,1
8,19,1,160,60,1,0,1,0,0,0,0,0,0,10000.0,25000.0,5,8,3,10,1,8,9,2,2,8,5,10,2,1.0,0,1,115,5
8,19,1,160,60,1,0,1,0,0,0,0,0,0,10000.0,25000.0,5,8,3,10,1,8,9,2,2,8,5,10,2,1.0,0,2,62,4
8,19,1,160,60,1,0,1,0,0,0,0,0,0,10000.0,25000.0,5,8,3,10,1,8,9,2,2,8,5,10,2,1.0,0,3,16,3
8,19,1,160,60,1,0,1,0,0,0,0,0,0,10000.0,25000.0,5,8,3,10,1,8,9,2,2,8,5,10,2,1.0,0,4,118,2
8,19,1,160,60,1,0,1,0,0,0,0,0,0,10000.0,25000.0,5,8,3,10,1,8,9,2,2,8,5,10,2,1.0,0,5,58,1
8,19,1,160,60,1,0,1,0,0,0,0,0,3,10000.0,20000.0,5,10,3,10,1,9,10,5,2,10,1,8,1,1.0,1,1,145,5
8,19,1,160,60,1,0,1,0,0,0,0,0,3,10000.0,20000.0,5,10,3,10,1,9,10,5,2,10,1,8,1,1.0,1,2,6,4
8,19,1,160,60,1,0,1,0,0,0,0,0,3,10000.0,20000.0,5,10,3,10,1,9,10,5,2,10,1,8,1,1.0,1,3,1,3
8,19,1,160,60,1,0,1,0,0,0,0,0,3,10000.0,20000.0,5,10,3,10,1,9,10,5,2,10,1,8,1,1.0,1,4,131,2
8,19,1,160,60,1,0,1,0,0,0,0,0,3,10000.0,20000.0,5,10,3,10,1,9,10,5,2,10,1,8,1,1.0,1,5,132,1
9,21,1,180,70,2,0,0,0,1,0,0,0,2,15000.0,25000.0,7,7,7,8,8,7,7,7,7,7,7,7,7,0.0,0,1,121,5
9,21,1,180,70,2,0,0,0,1,0,0,0,2,15000.0,25000.0,7,7,7,8,8,7,7,7,7,7,7,7,7,0.0,0,2,122,4
9,21,1,180,70,2,0,0,0,1,0,0,0,2,15000.0,25000.0,7,7,7,8,8,7,7,7,7,7,7,7,7,0.0,0,3,125,3
9,21,1,180,70,2,0,0,0,1,0,0,0,2,15000.0,25000.0,7,7,7,8,8,7,7,7,7,7,7,7,7,0.0,0,4,126,2
9,21,1,180,70,2,0,0,0,1,0,0,0,2,15000.0,25000.0,7,7,7,8,8,7,7,7,7,7,7,7,7,0.0,0,5,115,1
9,21,1,180,70,2,0,0,0,1,0,0,0,1,15000.0,25000.0,8,8,8,8,9,8,8,8,8,8,8,8,8,0.0,0,1,121,5
9,21,1,180,70,2,0,0,0,1,0,0,0,1,15000.0,25000.0,8,8,8,8,9,8,8,8,8,8,8,8,8,0.0,0,2,125,4
9,21,1,180,70,2,0,0,0,1,0,0,0,1,15000.0,25000.0,8,8,8,8,9,8,8,8,8,8,8,8,8,0.0,0,3,126,3
9,21,1,180,70,2,0,0,0,1,0,0,0,1,15000.0,25000.0,8,8,8,8,9,8,8,8,8,8,8,8,8,0.0,0,4,127,2
9,21,1,180,70,2,0,0,0,1,0,0,0,1,15000.0,25000.0,8,8,8,8,9,8,8,8,8,8,8,8,8,0.0,0,5,107,1
9,21,1,180,70,2,0,0,0,1,0,0,0,0,15000.0,25000.0,8,8,8,8,9,8,8,8,8,8,8,8,8,0.0,0,1,117,5
9,21,1,180,70,2,0,0,0,1,0,0,0,0,15000.0,25000.0,8,8,8,8,9,8,8,8,8,8,8,8,8,0.0,0,2,91,4
9,21,1,180,70,2,0,0,0,1,0,0,0,0,15000.0,25000.0,8,8,8,8,9,8,8,8,8,8,8,8,8,0.0,0,3,64,3
9,21,1,180,70,2,0,0,0,1,0,0,0,0,15000.0,25000.0,8,8,8,8,9,8,8,8,8,8,8,8,8,0.0,0,4,94,2
9,21,1,180,70,2,0,0,0,1,0,0,0,0,15000.0,25000.0,8,8,8,8,9,8,8,8,8,8,8,8,8,0.0,0,5,91,1
9,21,1,180,70,2,0,0,0,1,0,0,0,3,10000.0,15000.0,8,9,8,9,9,9,8,8,8,8,8,8,8,0.0,0,1,6,5
9,21,1,180,70,2,0,0,0,1,0,0,0,3,10000.0,15000.0,8,9,8,9,9,9,8,8,8,8,8,8,8,0.0,0,2,15,4
9,21,1,180,70,2,0,0,0,1,0,0,0,3,10000.0,15000.0,8,9,8,9,9,9,8,8,8,8,8,8,8,0.0,0,3,17,3
9,21,1,180,70,2,0,0,0,1,0,0,0,3,10000.0,15000.0,8,9,8,9,9,9,8,8,8,8,8,8,8,0.0,0,4,135,2
9,21,1,180,70,2,0,0,0,1,0,0,0,3,10000.0,15000.0,8,9,8,9,9,9,8,8,8,8,8,8,8,0.0,0,5,129,1
10,26,1,160,40,1,0,1,0,0,0,0,0,2,10000.0,20000.0,8,10,7,10,10,9,8,10,9,9,10,10,10,0.0,1,1,120,5
10,26,1,160,40,1,0,1,0,0,0,0,0,2,10000.0,20000.0,8,10,7,10,10,9,8,10,9,9,10,10,10,0.0,1,2,115,4
10,26,1,160,40,1,0,1,0,0,0,0,0,2,10000.0,20000.0,8,10,7,10,10,9,8,10,9,9,10,10,10,0.0,1,3,8,3
10,26,1,160,40,1,0,1,0,0,0,0,0,2,10000.0,20000.0,8,10,7,10,10,9,8,10,9,9,10,10,10,0.0,1,4,20,2
10,26,1,160,40,1,0,1,0,0,0,0,0,2,10000.0,20000.0,8,10,7,10,10,9,8,10,9,9,10,10,10,0.0,1,5,28,1
10,26,1,160,40,1,0,1,0,0,0,0,0,1,10000.0,20000.0,8,9,8,10,9,10,9,10,9,10,10,9,10,1.0,0,1,140,5
10,26,1,160,40,1,0,1,0,0,0,0,0,1,10000.0,20000.0,8,9,8,10,9,10,9,10,9,10,10,9,10,1.0,0,2,140,4
10,26,1,160,40,1,0,1,0,0,0,0,0,1,10000.0,20000.0,8,9,8,10,9,10,9,10,9,10,10,9,10,1.0,0,3,140,3
10,26,1,160,40,1,0,1,0,0,0,0,0,1,10000.0,20000.0,8,9,8,10,9,10,9,10,9,10,10,9,10,1.0,0,4,132,2
10,26,1,160,40,1,0,1,0,0,0,0,0,1,10000.0,20000.0,8,9,8,10,9,10,9,10,9,10,10,9,10,1.0,0,5,120,1
10,26,1,160,40,1,0,1,0,0,0,0,0,0,10000.0,20000.0,5,6,4,6,7,6,6,7,6,6,6,7,7,0.0,0,1,93,5
10,26,1,160,40,1,0,1,0,0,0,0,0,0,10000.0,20000.0,5,6,4,6,7,6,6,7,6,6,6,7,7,0.0,0,2,122,4
10,26,1,160,40,1,0,1,0,0,0,0,0,0,10000.0,20000.0,5,6,4,6,7,6,6,7,6,6,6,7,7,0.0,0,3,159,3
10,26,1,160,40,1,0,1,0,0,0,0,0,0,10000.0,20000.0,5,6,4,6,7,6,6,7,6,6,6,7,7,0.0,0,4,158,2
10,26,1,160,40,1,0,1,0,0,0,0,0,0,10000.0,20000.0,5,6,4,6,7,6,6,7,6,6,6,7,7,0.0,0,5,164,1
10,26,1,160,40,1,0,1,0,0,0,0,0,3,10000.0,10000.0,10,8,9,9,9,9,8,10,9,9,9,9,9,0.0,1,1,135,5
10,26,1,160,40,1,0,1,0,0,0,0,0,3,10000.0,10000.0,10,8,9,9,9,9,8,10,9,9,9,9,9,0.0,1,2,140,4
10,26,1,160,40,1,0,1,0,0,0,0,0,3,10000.0,10000.0,10,8,9,9,9,9,8,10,9,9,9,9,9,0.0,1,3,131,3
10,26,1,160,40,1,0,1,0,0,0,0,0,3,10000.0,10000.0,10,8,9,9,9,9,8,10,9,9,9,9,9,0.0,1,4,132,2
10,26,1,160,40,1,0,1,0,0,0,0,0,3,10000.0,10000.0,10,8,9,9,9,9,8,10,9,9,9,9,9,0.0,1,5,133,1
11,20,1,173,55,0,0,1,0,0,0,0,0,2,10000.0,25000.0,9,7,7,9,10,10,5,5,5,10,5,9,5,1.0,1,1,91,5
11,20,1,173,55,0,0,1,0,0,0,0,0,2,10000.0,25000.0,9,7,7,9,10,10,5,5,5,10,5,9,5,1.0,1,2,64,4
11,20,1,173,55,0,0,1,0,0,0,0,0,2,10000.0,25000.0,9,7,7,9,10,10,5,5,5,10,5,9,5,1.0,1,3,71,3
11,20,1,173,55,0,0,1,0,0,0,0,0,2,10000.0,25000.0,9,7,7,9,10,10,5,5,5,10,5,9,5,1.0,1,4,94,2
11,20,1,173,55,0,0,1,0,0,0,0,0,2,10000.0,25000.0,9,7,7,9,10,10,5,5,5,10,5,9,5,1.0,1,5,103,1
11,20,1,173,55,0,0,1,0,0,0,0,0,1,10000.0,25000.0,9,8,8,9,10,8,6,6,6,10,7,9,7,1.0,1,1,63,5
11,20,1,173,55,0,0,1,0,0,0,0,0,1,10000.0,25000.0,9,8,8,9,10,8,6,6,6,10,7,9,7,1.0,1,2,64,4
11,20,1,173,55,0,0,1,0,0,0,0,0,1,10000.0,25000.0,9,8,8,9,10,8,6,6,6,10,7,9,7,1.0,1,3,71,3
11,20,1,173,55,0,0,1,0,0,0,0,0,1,10000.0,25000.0,9,8,8,9,10,8,6,6,6,10,7,9,7,1.0,1,4,91,2
11,20,1,173,55,0,0,1,0,0,0,0,0,1,10000.0,25000.0,9,8,8,9,10,8,6,6,6,10,7,9,7,1.0,1,5,94,1
11,20,1,173,55,0,0,1,0,0,0,0,0,0,5000.0,20000.0,9,10,5,8,8,8,7,5,5,10,7,7,7,1.0,1,1,11,5
11,20,1,173,55,0,0,1,0,0,0,0,0,0,5000.0,20000.0,9,10,5,8,8,8,7,5,5,10,7,7,7,1.0,1,2,57,4
11,20,1,173,55,0,0,1,0,0,0,0,0,0,5000.0,20000.0,9,10,5,8,8,8,7,5,5,10,7,7,7,1.0,1,3,167,3
11,20,1,173,55,0,0,1,0,0,0,0,0,0,5000.0,20000.0,9,10,5,8,8,8,7,5,5,10,7,7,7,1.0,1,4,135,2
11,20,1,173,55,0,0,1,0,0,0,0,0,0,5000.0,20000.0,9,10,5,8,8,8,7,5,5,10,7,7,7,1.0,1,5,144,1
11,20,1,173,55,0,0,1,0,0,0,0,0,3,5000.0,15000.0,8,10,8,10,7,10,6,6,7,10,6,6,6,1.0,1,1,135,5
11,20,1,173,55,0,0,1,0,0,0,0,0,3,5000.0,15000.0,8,10,8,10,7,10,6,6,7,10,6,6,6,1.0,1,2,145,4
11,20,1,173,55,0,0,1,0,0,0,0,0,3,5000.0,15000.0,8,10,8,10,7,10,6,6,7,10,6,6,6,1.0,1,3,131,3
11,20,1,173,55,0,0,1,0,0,0,0,0,3,5000.0,15000.0,8,10,8,10,7,10,6,6,7,10,6,6,6,1.0,1,4,167,2
11,20,1,173,55,0,0,1,0,0,0,0,0,3,5000.0,15000.0,8,10,8,10,7,10,6,6,7,10,6,6,6,1.0,1,5,168,1
12,21,1,171,49,0,0,1,0,0,0,0,0,2,10000.0,35000.0,1,9,5,7,5,7,7,8,5,5,5,6,4,1.0,1,1,22,5
12,21,1,171,49,0,0,1,0,0,0,0,0,2,10000.0,35000.0,1,9,5,7,5,7,7,8,5,5,5,6,4,1.0,1,2,15,4
12,21,1,171,49,0,0,1,0,0,0,0,0,2,10000.0,35000.0,1,9,5,7,5,7,7,8,5,5,5,6,4,1.0,1,3,170,3
12,21,1,171,49,0,0,1,0,0,0,0,0,2,10000.0,35000.0,1,9,5,7,5,7,7,8,5,5,5,6,4,1.0,1,4,169,2
12,21,1,171,49,0,0,1,0,0,0,0,0,2,10000.0,35000.0,1,9,5,7,5,7,7,8,5,5,5,6,4,1.0,1,5,159,1
12,21,1,171,49,0,0,1,0,0,0,0,0,1,15000.0,50000.0,1,8,3,7,9,7,6,7,6,8,5,10,5,0.0,1,1,55,5
12,21,1,171,49,0,0,1,0,0,0,0,0,1,15000.0,50000.0,1,8,3,7,9,7,6,7,6,8,5,10,5,0.0,1,2,55,4
12,21,1,171,49,0,0,1,0,0,0,0,0,1,15000.0,50000.0,1,8,3,7,9,7,6,7,6,8,5,10,5,0.0,1,3,56,3
12,21,1,171,49,0,0,1,0,0,0,0,0,1,15000.0,50000.0,1,8,3,7,9,7,6,7,6,8,5,10,5,0.0,1,4,160,2
12,21,1,171,49,0,0,1,0,0,0,0,0,1,15000.0,50000.0,1,8,3,7,9,7,6,7,6,8,5,10,5,0.0,1,5,169,1
12,21,1,171,49,0,0,1,0,0,0,0,0,0,15000.0,95000.0,1,8,6,8,10,4,4,7,6,7,5,9,9,0.0,1,1,55,5
12,21,1,171,49,0,0,1,0,0,0,0,0,0,15000.0,95000.0,1,8,6,8,10,4,4,7,6,7,5,9,9,0.0,1,2,160,4
12,21,1,171,49,0,0,1,0,0,0,0,0,0,15000.0,95000.0,1,8,6,8,10,4,4,7,6,7,5,9,9,0.0,1,3,155,3
12,21,1,171,49,0,0,1,0,0,0,0,0,0,15000.0,95000.0,1,8,6,8,10,4,4,7,6,7,5,9,9,0.0,1,4,169,2
12,21,1,171,49,0,0,1,0,0,0,0,0,0,15000.0,95000.0,1,8,6,8,10,4,4,7,6,7,5,9,9,0.0,1,5,67,1
12,21,1,171,49,0,0,1,0,0,0,0,0,3,5000.0,25000.0,6,10,2,5,7,5,5,5,7,8,5,6,5,1.0,1,1,174,5
12,21,1,171,49,0,0,1,0,0,0,0,0,3,5000.0,25000.0,6,10,2,5,7,5,5,5,7,8,5,6,5,1.0,1,2,172,4
12,21,1,171,49,0,0,1,0,0,0,0,0,3,5000.0,25000.0,6,10,2,5,7,5,5,5,7,8,5,6,5,1.0,1,3,158,3
12,21,1,171,49,0,0,1,0,0,0,0,0,3,5000.0,25000.0,6,10,2,5,7,5,5,5,7,8,5,6,5,1.0,1,4,15,2
12,21,1,171,49,0,0,1,0,0,0,0,0,3,5000.0,25000.0,6,10,2,5,7,5,5,5,7,8,5,6,5,1.0,1,5,6,1
13,20,0,156,44,1,0,1,0,0,0,0,0,2,10000.0,25000.0,9,7,6,8,10,10,4,5,4,9,7,8,7,1.0,0,1,58,5
13,20,0,156,44,1,0,1,0,0,0,0,0,2,10000.0,25000.0,9,7,6,8,10,10,4,5,4,9,7,8,7,1.0,0,2,59,4
13,20,0,156,44,1,0,1,0,0,0,0,0,2,10000.0,25000.0,9,7,6,8,10,10,4,5,4,9,7,8,7,1.0,0,3,63,3
13,20,0,156,44,1,0,1,0,0,0,0,0,2,10000.0,25000.0,9,7,6,8,10,10,4,5,4,9,7,8,7,1.0,0,4,115,2
13,20,0,156,44,1,0,1,0,0,0,0,0,2,10000.0,25000.0,9,7,6,8,10,10,4,5,4,9,7,8,7,1.0,0,5,121,1
13,20,0,156,44,1,0,1,0,0,0,0,0,1,10000.0,25000.0,7,5,6,7,9,9,5,4,3,7,5,7,5,1.0,1,1,58,5
13,20,0,156,44,1,0,1,0,0,0,0,0,1,10000.0,25000.0,7,5,6,7,9,9,5,4,3,7,5,7,5,1.0,1,2,59,4
13,20,0,156,44,1,0,1,0,0,0,0,0,1,10000.0,25000.0,7,5,6,7,9,9,5,4,3,7,5,7,5,1.0,1,3,63,3
13,20,0,156,44,1,0,1,0,0,0,0,0,1,10000.0,25000.0,7,5,6,7,9,9,5,4,3,7,5,7,5,1.0,1,4,115,2
13,20,0,156,44,1,0,1,0,0,0,0,0,1,10000.0,25000.0,7,5,6,7,9,9,5,4,3,7,5,7,5,1.0,1,5,121,1
13,20,0,156,44,1,0,1,0,0,0,0,0,0,10000.0,15000.0,7,5,6,7,10,10,5,5,4,8,5,7,6,1.0,1,1,120,5
13,20,0,156,44,1,0,1,0,0,0,0,0,0,10000.0,15000.0,7,5,6,7,10,10,5,5,4,8,5,7,6,1.0,1,2,115,4
13,20,0,156,44,1,0,1,0,0,0,0,0,0,10000.0,15000.0,7,5,6,7,10,10,5,5,4,8,5,7,6,1.0,1,3,118,3
13,20,0,156,44,1,0,1,0,0,0,0,0,0,10000.0,15000.0,7,5,6,7,10,10,5,5,4,8,5,7,6,1.0,1,4,124,2
13,20,0,156,44,1,0,1,0,0,0,0,0,0,10000.0,15000.0,7,5,6,7,10,10,5,5,4,8,5,7,6,1.0,1,5,163,1
13,20,0,156,44,1,0,1,0,0,0,0,0,3,10.0,20.0,9,7,6,8,10,10,4,4,3,9,3,8,4,1.0,1,1,129,5
13,20,0,156,44,1,0,1,0,0,0,0,0,3,10.0,20.0,9,7,6,8,10,10,4,4,3,9,3,8,4,1.0,1,2,145,4
13,20,0,156,44,1,0,1,0,0,0,0,0,3,10.0,20.0,9,7,6,8,10,10,4,4,3,9,3,8,4,1.0,1,3,170,3
13,20,0,156,44,1,0,1,0,0,0,0,0,3,10.0,20.0,9,7,6,8,10,10,4,4,3,9,3,8,4,1.0,1,4,171,2
13,20,0,156,44,1,0,1,0,0,0,0,0,3,10.0,20.0,9,7,6,8,10,10,4,4,3,9,3,8,4,1.0,1,5,162,1
14,20,1,175,55,1,0,1,0,0,0,0,0,2,15000.0,20000.0,4,1,1,8,8,8,1,1,1,7,5,8,5,0.0,1,1,22,5
14,20,1,175,55,1,0,1,0,0,0,0,0,2,15000.0,20000.0,4,1,1,8,8,8,1,1,1,7,5,8,5,0.0,1,2,121,4
14,20,1,175,55,1,0,1,0,0,0,0,0,2,15000.0,20000.0,4,1,1,8,8,8,1,1,1,7,5,8,5,0.0,1,3,58,3
14,20,1,175,55,1,0,1,0,0,0,0,0,2,15000.0,20000.0,4,1,1,8,8,8,1,1,1,7,5,8,5,0.0,1,4,118,2
14,20,1,175,55,1,0,1,0,0,0,0,0,2,15000.0,20000.0,4,1,1,8,8,8,1,1,1,7,5,8,5,0.0,1,5,81,1
14,20,1,175,55,1,0,1,0,0,0,0,0,1,13000.0,20000.0,2,2,2,8,8,8,3,3,3,6,3,7,2,0.0,0,1,121,5
14,20,1,175,55,1,0,1,0,0,0,0,0,1,13000.0,20000.0,2,2,2,8,8,8,3,3,3,6,3,7,2,0.0,0,2,66,4
14,20,1,175,55,1,0,1,0,0,0,0,0,1,13000.0,20000.0,2,2,2,8,8,8,3,3,3,6,3,7,2,0.0,0,3,78,3
14,20,1,175,55,1,0,1,0,0,0,0,0,1,13000.0,20000.0,2,2,2,8,8,8,3,3,3,6,3,7,2,0.0,0,4,121,2
14,20,1,175,55,1,0,1,0,0,0,0,0,1,13000.0,20000.0,2,2,2,8,8,8,3,3,3,6,3,7,2,0.0,0,5,112,1
14,20,1,175,55,1,0,1,0,0,0,0,0,0,15000.0,20000.0,2,1,2,7,8,9,6,5,7,1,5,1,5,0.0,0,1,135,5
14,20,1,175,55,1,0,1,0,0,0,0,0,0,15000.0,20000.0,2,1,2,7,8,9,6,5,7,1,5,1,5,0.0,0,2,158,4
14,20,1,175,55,1,0,1,0,0,0,0,0,0,15000.0,20000.0,2,1,2,7,8,9,6,5,7,1,5,1,5,0.0,0,3,11,3
14,20,1,175,55,1,0,1,0,0,0,0,0,0,15000.0,20000.0,2,1,2,7,8,9,6,5,7,1,5,1,5,0.0,0,4,52,2
14,20,1,175,55,1,0,1,0,0,0,0,0,0,15000.0,20000.0,2,1,2,7,8,9,6,5,7,1,5,1,5,0.0,0,5,12,1
14,20,1,175,55,1,0,1,0,0,0,0,0,3,15000.0,20000.0,1,7,1,5,1,9,1,1,1,4,7,1,7,1.0,1,1,32,5
14,20,1,175,55,1,0,1,0,0,0,0,0,3,15000.0,20000.0,1,7,1,5,1,9,1,1,1,4,7,1,7,1.0,1,2,34,4
14,20,1,175,55,1,0,1,0,0,0,0,0,3,15000.0,20000.0,1,7,1,5,1,9,1,1,1,4,7,1,7,1.0,1,3,55,3
14,20,1,175,55,1,0,1,0,0,0,0,0,3,15000.0,20000.0,1,7,1,5,1,9,1,1,1,4,7,1,7,1.0,1,4,169,2
14,20,1,175,55,1,0,1,0,0,0,0,0,3,15000.0,20000.0,1,7,1,5,1,9,1,1,1,4,7,1,7,1.0,1,5,172,1
15,18,0,142,36,0,0,1,0,0,0,0,0,2,15000.0,35000.0,4,8,3,7,8,8,6,7,7,6,5,4,5,1.0,1,1,125,5
15,18,0,142,36,0,0,1,0,0,0,0,0,2,15000.0,35000.0,4,8,3,7,8,8,6,7,7,6,5,4,5,1.0,1,2,20,4
15,18,0,142,36,0,0,1,0,0,0,0,0,2,15000.0,35000.0,4,8,3,7,8,8,6,7,7,6,5,4,5,1.0,1,3,14,3
15,18,0,142,36,0,0,1,0,0,0,0,0,2,15000.0,35000.0,4,8,3,7,8,8,6,7,7,6,5,4,5,1.0,1,4,6,2
15,18,0,142,36,0,0,1,0,0,0,0,0,2,15000.0,35000.0,4,8,3,7,8,8,6,7,7,6,5,4,5,1.0,1,5,34,1
15,18,0,142,36,0,0,1,0,0,0,0,0,1,15000.0,30000.0,4,9,2,7,8,8,8,6,4,7,6,4,5,1.0,1,1,121,5
15,18,0,142,36,0,0,1,0,0,0,0,0,1,15000.0,30000.0,4,9,2,7,8,8,8,6,4,7,6,4,5,1.0,1,2,172,4
15,18,0,142,36,0,0,1,0,0,0,0,0,1,15000.0,30000.0,4,9,2,7,8,8,8,6,4,7,6,4,5,1.0,1,3,169,3
15,18,0,142,36,0,0,1,0,0,0,0,0,1,15000.0,30000.0,4,9,2,7,8,8,8,6,4,7,6,4,5,1.0,1,4,129,2
15,18,0,142,36,0,0,1,0,0,0,0,0,1,15000.0,30000.0,4,9,2,7,8,8,8,6,4,7,6,4,5,1.0,1,5,60,1
15,18,0,142,36,0,0,1,0,0,0,0,0,0,15000.0,40000.0,2,10,1,8,8,9,10,8,5,8,5,3,4,1.0,1,1,122,5
15,18,0,142,36,0,0,1,0,0,0,0,0,0,15000.0,40000.0,2,10,1,8,8,9,10,8,5,8,5,3,4,1.0,1,2,58,4
15,18,0,142,36,0,0,1,0,0,0,0,0,0,15000.0,40000.0,2,10,1,8,8,9,10,8,5,8,5,3,4,1.0,1,3,170,3
15,18,0,142,36,0,0,1,0,0,0,0,0,0,15000.0,40000.0,2,10,1,8,8,9,10,8,5,8,5,3,4,1.0,1,4,133,2
15,18,0,142,36,0,0,1,0,0,0,0,0,0,15000.0,40000.0,2,10,1,8,8,9,10,8,5,8,5,3,4,1.0,1,5,43,1
15,18,0,142,36,0,0,1,0,0,0,0,0,3,10000.0,40000.0,3,8,2,9,7,7,6,5,4,8,6,4,5,1.0,1,1,17,5
15,18,0,142,36,0,0,1,0,0,0,0,0,3,10000.0,40000.0,3,8,2,9,7,7,6,5,4,8,6,4,5,1.0,1,2,144,4
15,18,0,142,36,0,0,1,0,0,0,0,0,3,10000.0,40000.0,3,8,2,9,7,7,6,5,4,8,6,4,5,1.0,1,3,170,3
15,18,0,142,36,0,0,1,0,0,0,0,0,3,10000.0,40000.0,3,8,2,9,7,7,6,5,4,8,6,4,5,1.0,1,4,9,2
15,18,0,142,36,0,0,1,0,0,0,0,0,3,10000.0,40000.0,3,8,2,9,7,7,6,5,4,8,6,4,5,1.0,1,5,3,1
16,20,0,155,39,0,0,1,0,0,0,0,0,2,5000.0,10000.0,9,9,9,9,9,9,3,3,4,9,9,3,3,0.0,1,1,57,5
16,20,0,155,39,0,0,1,0,0,0,0,0,2,5000.0,10000.0,9,9,9,9,9,9,3,3,4,9,9,3,3,0.0,1,2,63,4
16,20,0,155,39,0,0,1,0,0,0,0,0,2,5000.0,10000.0,9,9,9,9,9,9,3,3,4,9,9,3,3,0.0,1,3,115,3
16,20,0,155,39,0,0,1,0,0,0,0,0,2,5000.0,10000.0,9,9,9,9,9,9,3,3,4,9,9,3,3,0.0,1,4,103,2
16,20,0,155,39,0,0,1,0,0,0,0,0,2,5000.0,10000.0,9,9,9,9,9,9,3,3,4,9,9,3,3,0.0,1,5,104,1
16,20,0,155,39,0,0,1,0,0,0,0,0,1,5000.0,10000.0,8,8,7,8,8,8,6,4,6,9,8,2,2,1.0,1,1,22,5
16,20,0,155,39,0,0,1,0,0,0,0,0,1,5000.0,10000.0,8,8,7,8,8,8,6,4,6,9,8,2,2,1.0,1,2,63,4
16,20,0,155,39,0,0,1,0,0,0,0,0,1,5000.0,10000.0,8,8,7,8,8,8,6,4,6,9,8,2,2,1.0,1,3,145,3
16,20,0,155,39,0,0,1,0,0,0,0,0,1,5000.0,10000.0,8,8,7,8,8,8,6,4,6,9,8,2,2,1.0,1,4,59,2
16,20,0,155,39,0,0,1,0,0,0,0,0,1,5000.0,10000.0,8,8,7,8,8,8,6,4,6,9,8,2,2,1.0,1,5,5,1
16,20,0,155,39,0,0,1,0,0,0,0,0,0,5000.0,10000.0,5,7,4,8,7,9,4,3,3,8,6,8,6,0.0,1,1,104,5
16,20,0,155,39,0,0,1,0,0,0,0,0,0,5000.0,10000.0,5,7,4,8,7,9,4,3,3,8,6,8,6,0.0,1,2,135,4
16,20,0,155,39,0,0,1,0,0,0,0,0,0,5000.0,10000.0,5,7,4,8,7,9,4,3,3,8,6,8,6,0.0,1,3,117,3
16,20,0,155,39,0,0,1,0,0,0,0,0,0,5000.0,10000.0,5,7,4,8,7,9,4,3,3,8,6,8,6,0.0,1,4,22,2
16,20,0,155,39,0,0,1,0,0,0,0,0,0,5000.0,10000.0,5,7,4,8,7,9,4,3,3,8,6,8,6,0.0,1,5,59,1
16,20,0,155,39,0,0,1,0,0,0,0,0,3,2000.0,5000.0,9,8,9,9,9,9,7,5,6,8,9,2,2,1.0,1,1,167,5
16,20,0,155,39,0,0,1,0,0,0,0,0,3,2000.0,5000.0,9,8,9,9,9,9,7,5,6,8,9,2,2,1.0,1,2,152,4
16,20,0,155,39,0,0,1,0,0,0,0,0,3,2000.0,5000.0,9,8,9,9,9,9,7,5,6,8,9,2,2,1.0,1,3,145,3
16,20,0,155,39,0,0,1,0,0,0,0,0,3,2000.0,5000.0,9,8,9,9,9,9,7,5,6,8,9,2,2,1.0,1,4,36,2
16,20,0,155,39,0,0,1,0,0,0,0,0,3,2000.0,5000.0,9,8,9,9,9,9,7,5,6,8,9,2,2,1.0,1,5,9,1
17,20,0,145,40,0,0,1,0,0,0,0,0,2,10000.0,30000.0,3,5,3,5,6,5,4,4,5,6,5,4,4,1.0,1,1,171,5
17,20,0,145,40,0,0,1,0,0,0,0,0,2,10000.0,30000.0,3,5,3,5,6,5,4,4,5,6,5,4,4,1.0,1,2,55,4
17,20,0,145,40,0,0,1,0,0,0,0,0,2,10000.0,30000.0,3,5,3,5,6,5,4,4,5,6,5,4,4,1.0,1,3,56,3
17,20,0,145,40,0,0,1,0,0,0,0,0,2,10000.0,30000.0,3,5,3,5,6,5,4,4,5,6,5,4,4,1.0,1,4,48,2
17,20,0,145,40,0,0,1,0,0,0,0,0,2,10000.0,30000.0,3,5,3,5,6,5,4,4,5,6,5,4,4,1.0,1,5,60,1
17,20,0,145,40,0,0,1,0,0,0,0,0,1,15000.0,25000.0,2,9,7,8,9,8,7,9,9,9,8,7,8,1.0,1,1,121,5
17,20,0,145,40,0,0,1,0,0,0,0,0,1,15000.0,25000.0,2,9,7,8,9,8,7,9,9,9,8,7,8,1.0,1,2,125,4
17,20,0,145,40,0,0,1,0,0,0,0,0,1,15000.0,25000.0,2,9,7,8,9,8,7,9,9,9,8,7,8,1.0,1,3,159,3
17,20,0,145,40,0,0,1,0,0,0,0,0,1,15000.0,25000.0,2,9,7,8,9,8,7,9,9,9,8,7,8,1.0,1,4,163,2
17,20,0,145,40,0,0,1,0,0,0,0,0,1,15000.0,25000.0,2,9,7,8,9,8,7,9,9,9,8,7,8,1.0,1,5,169,1
17,20,0,145,40,0,0,1,0,0,0,0,0,0,10000.0,25000.0,2,9,1,8,7,8,7,8,6,7,8,6,7,0.0,0,1,11,5
17,20,0,145,40,0,0,1,0,0,0,0,0,0,10000.0,25000.0,2,9,1,8,7,8,7,8,6,7,8,6,7,0.0,0,2,103,4
17,20,0,145,40,0,0,1,0,0,0,0,0,0,10000.0,25000.0,2,9,1,8,7,8,7,8,6,7,8,6,7,0.0,0,3,32,3
17,20,0,145,40,0,0,1,0,0,0,0,0,0,10000.0,25000.0,2,9,1,8,7,8,7,8,6,7,8,6,7,0.0,0,4,168,2
17,20,0,145,40,0,0,1,0,0,0,0,0,0,10000.0,25000.0,2,9,1,8,7,8,7,8,6,7,8,6,7,0.0,0,5,144,1
17,20,0,145,40,0,0,1,0,0,0,0,0,3,8000.0,20000.0,1,10,2,7,7,9,8,8,7,8,8,8,8,1.0,1,1,9,5
17,20,0,145,40,0,0,1,0,0,0,0,0,3,8000.0,20000.0,1,10,2,7,7,9,8,8,7,8,8,8,8,1.0,1,2,15,4
17,20,0,145,40,0,0,1,0,0,0,0,0,3,8000.0,20000.0,1,10,2,7,7,9,8,8,7,8,8,8,8,1.0,1,3,32,3
17,20,0,145,40,0,0,1,0,0,0,0,0,3,8000.0,20000.0,1,10,2,7,7,9,8,8,7,8,8,8,8,1.0,1,4,167,2
17,20,0,145,40,0,0,1,0,0,0,0,0,3,8000.0,20000.0,1,10,2,7,7,9,8,8,7,8,8,8,8,1.0,1,5,174,1
18,20,1,170,50,0,0,1,0,0,0,0,0,2,10000.0,20000.0,9,9,10,9,10,10,9,9,10,10,10,10,9,0.0,1,1,115,5
18,20,1,170,50,0,0,1,0,0,0,0,0,2,10000.0,20000.0,9,9,10,9,10,10,9,9,10,10,10,10,9,0.0,1,2,116,4
18,20,1,170,50,0,0,1,0,0,0,0,0,2,10000.0,20000.0,9,9,10,9,10,10,9,9,10,10,10,10,9,0.0,1,3,21,3
18,20,1,170,50,0,0,1,0,0,0,0,0,2,10000.0,20000.0,9,9,10,9,10,10,9,9,10,10,10,10,9,0.0,1,4,22,2
18,20,1,170,50,0,0,1,0,0,0,0,0,2,10000.0,20000.0,9,9,10,9,10,10,9,9,10,10,10,10,9,0.0,1,5,23,1
18,20,1,170,50,0,0,1,0,0,0,0,0,1,10000.0,20000.0,9,8,10,9,10,10,9,9,8,10,9,10,10,0.0,1,1,118,5
18,20,1,170,50,0,0,1,0,0,0,0,0,1,10000.0,20000.0,9,8,10,9,10,10,9,9,8,10,9,10,10,0.0,1,2,119,4
18,20,1,170,50,0,0,1,0,0,0,0,0,1,10000.0,20000.0,9,8,10,9,10,10,9,9,8,10,9,10,10,0.0,1,3,117,3
18,20,1,170,50,0,0,1,0,0,0,0,0,1,10000.0,20000.0,9,8,10,9,10,10,9,9,8,10,9,10,10,0.0,1,4,105,2
18,20,1,170,50,0,0,1,0,0,0,0,0,1,10000.0,20000.0,9,8,10,9,10,10,9,9,8,10,9,10,10,0.0,1,5,106,1
18,20,1,170,50,0,0,1,0,0,0,0,0,0,10000.0,15000.0,8,9,7,9,10,10,9,9,10,10,10,9,10,0.0,1,1,163,5
18,20,1,170,50,0,0,1,0,0,0,0,0,0,10000.0,15000.0,8,9,7,9,10,10,9,9,10,10,10,9,10,0.0,1,2,122,4
18,20,1,170,50,0,0,1,0,0,0,0,0,0,10000.0,15000.0,8,9,7,9,10,10,9,9,10,10,10,9,10,0.0,1,3,115,3
18,20,1,170,50,0,0,1,0,0,0,0,0,0,10000.0,15000.0,8,9,7,9,10,10,9,9,10,10,10,9,10,0.0,1,4,117,2
18,20,1,170,50,0,0,1,0,0,0,0,0,0,10000.0,15000.0,8,9,7,9,10,10,9,9,10,10,10,9,10,0.0,1,5,118,1
18,20,1,170,50,0,0,1,0,0,0,0,0,3,5000.0,20000.0,9,10,10,10,9,9,10,10,9,10,10,9,10,0.0,1,1,144,5
18,20,1,170,50,0,0,1,0,0,0,0,0,3,5000.0,20000.0,9,10,10,10,9,9,10,10,9,10,10,9,10,0.0,1,2,145,4
18,20,1,170,50,0,0,1,0,0,0,0,0,3,5000.0,20000.0,9,10,10,10,9,9,10,10,9,10,10,9,10,0.0,1,3,167,3
18,20,1,170,50,0,0,1,0,0,0,0,0,3,5000.0,20000.0,9,10,10,10,9,9,10,10,9,10,10,9,10,0.0,1,4,168,2
18,20,1,170,50,0,0,1,0,0,0,0,0,3,5000.0,20000.0,9,10,10,10,9,9,10,10,9,10,10,9,10,0.0,1,5,169,1
19,25,1,160,50,1,1,0,0,0,0,0,0,2,10000.0,15000.0,6,6,3,6,6,5,5,5,6,7,7,3,4,0.0,0,1,14,5
19,25,1,160,50,1,1,0,0,0,0,0,0,2,10000.0,15000.0,6,6,3,6,6,5,5,5,6,7,7,3,4,0.0,0,2,20,4
19,25,1,160,50,1,1,0,0,0,0,0,0,2,10000.0,15000.0,6,6,3,6,6,5,5,5,6,7,7,3,4,0.0,0,3,21,3
19,25,1,160,50,1,1,0,0,0,0,0,0,2,10000.0,15000.0,6,6,3,6,6,5,5,5,6,7,7,3,4,0.0,0,4,22,2
19,25,1,160,50,1,1,0,0,0,0,0,0,2,10000.0,15000.0,6,6,3,6,6,5,5,5,6,7,7,3,4,0.0,0,5,23,1
19,25,1,160,50,1,1,0,0,0,0,0,0,1,10000.0,25000.0,4,4,4,5,5,5,4,4,4,5,5,3,4,1.0,1,1,4,5
19,25,1,160,50,1,1,0,0,0,0,0,0,1,10000.0,25000.0,4,4,4,5,5,5,4,4,4,5,5,3,4,1.0,1,2,63,4
19,25,1,160,50,1,1,0,0,0,0,0,0,1,10000.0,25000.0,4,4,4,5,5,5,4,4,4,5,5,3,4,1.0,1,3,64,3
19,25,1,160,50,1,1,0,0,0,0,0,0,1,10000.0,25000.0,4,4,4,5,5,5,4,4,4,5,5,3,4,1.0,1,4,152,2
19,25,1,160,50,1,1,0,0,0,0,0,0,1,10000.0,25000.0,4,4,4,5,5,5,4,4,4,5,5,3,4,1.0,1,5,136,1
19,25,1,160,50,1,1,0,0,0,0,0,0,0,10000.0,25000.0,3,8,3,7,6,6,5,6,6,6,7,5,6,0.0,1,1,143,5
19,25,1,160,50,1,1,0,0,0,0,0,0,0,10000.0,25000.0,3,8,3,7,6,6,5,6,6,6,7,5,6,0.0,1,2,135,4
19,25,1,160,50,1,1,0,0,0,0,0,0,0,10000.0,25000.0,3,8,3,7,6,6,5,6,6,6,7,5,6,0.0,1,3,130,3
19,25,1,160,50,1,1,0,0,0,0,0,0,0,10000.0,25000.0,3,8,3,7,6,6,5,6,6,6,7,5,6,0.0,1,4,93,2
19,25,1,160,50,1,1,0,0,0,0,0,0,0,10000.0,25000.0,3,8,3,7,6,6,5,6,6,6,7,5,6,0.0,1,5,161,1
19,25,1,160,50,1,1,0,0,0,0,0,0,3,10000.0,20000.0,7,5,3,7,7,7,4,3,3,7,7,4,5,1.0,1,1,9,5
19,25,1,160,50,1,1,0,0,0,0,0,0,3,10000.0,20000.0,7,5,3,7,7,7,4,3,3,7,7,4,5,1.0,1,2,35,4
19,25,1,160,50,1,1,0,0,0,0,0,0,3,10000.0,20000.0,7,5,3,7,7,7,4,3,3,7,7,4,5,1.0,1,3,36,3
19,25,1,160,50,1,1,0,0,0,0,0,0,3,10000.0,20000.0,7,5,3,7,7,7,4,3,3,7,7,4,5,1.0,1,4,37,2
19,25,1,160,50,1,1,0,0,0,0,0,0,3,10000.0,20000.0,7,5,3,7,7,7,4,3,3,7,7,4,5,1.0,1,5,38,1
20,40,0,162,50,1,0,0,1,0,0,0,0,2,5000.0,15000.0,9,10,9,9,9,10,10,10,8,10,10,9,9,0.0,0,1,81,5
20,40,0,162,50,1,0,0,1,0,0,0,0,2,5000.0,15000.0,9,10,9,9,9,10,10,10,8,10,10,9,9,0.0,0,2,22,4
20,40,0,162,50,1,0,0,1,0,0,0,0,2,5000.0,15000.0,9,10,9,9,9,10,10,10,8,10,10,9,9,0.0,0,3,23,3
20,40,0,162,50,1,0,0,1,0,0,0,0,2,5000.0,15000.0,9,10,9,9,9,10,10,10,8,10,10,9,9,0.0,0,4,24,2
20,40,0,162,50,1,0,0,1,0,0,0,0,2,5000.0,15000.0,9,10,9,9,9,10,10,10,8,10,10,9,9,0.0,0,5,105,1
20,40,0,162,50,1,0,0,1,0,0,0,0,1,10000.0,15000.0,8,10,8,10,10,9,9,9,7,10,10,9,10,0.0,1,1,153,5
20,40,0,162,50,1,0,0,1,0,0,0,0,1,10000.0,15000.0,8,10,8,10,10,9,9,9,7,10,10,9,10,0.0,1,2,154,4
20,40,0,162,50,1,0,0,1,0,0,0,0,1,10000.0,15000.0,8,10,8,10,10,9,9,9,7,10,10,9,10,0.0,1,3,155,3
20,40,0,162,50,1,0,0,1,0,0,0,0,1,10000.0,15000.0,8,10,8,10,10,9,9,9,7,10,10,9,10,0.0,1,4,126,2
20,40,0,162,50,1,0,0,1,0,0,0,0,1,10000.0,15000.0,8,10,8,10,10,9,9,9,7,10,10,9,10,0.0,1,5,127,1
20,40,0,162,50,1,0,0,1,0,0,0,0,0,3000.0,15000.0,10,9,9,10,10,9,10,9,10,9,10,10,9,0.0,0,1,11,5
20,40,0,162,50,1,0,0,1,0,0,0,0,0,3000.0,15000.0,10,9,9,10,10,9,10,9,10,9,10,10,9,0.0,0,2,12,4
20,40,0,162,50,1,0,0,1,0,0,0,0,0,3000.0,15000.0,10,9,9,10,10,9,10,9,10,9,10,10,9,0.0,0,3,13,3
20,40,0,162,50,1,0,0,1,0,0,0,0,0,3000.0,15000.0,10,9,9,10,10,9,10,9,10,9,10,10,9,0.0,0,4,144,2
20,40,0,162,50,1,0,0,1,0,0,0,0,0,3000.0,15000.0,10,9,9,10,10,9,10,9,10,9,10,10,9,0.0,0,5,163,1
20,40,0,162,50,1,0,0,1,0,0,0,0,3,1000.0,20000.0,9,10,9,9,10,10,9,10,10,9,10,9,10,0.0,0,1,167,5
20,40,0,162,50,1,0,0,1,0,0,0,0,3,1000.0,20000.0,9,10,9,9,10,10,9,10,10,9,10,9,10,0.0,0,2,168,4
20,40,0,162,50,1,0,0,1,0,0,0,0,3,1000.0,20000.0,9,10,9,9,10,10,9,10,10,9,10,9,10,0.0,0,3,169,3
20,40,0,162,50,1,0,0,1,0,0,0,0,3,1000.0,20000.0,9,10,9,9,10,10,9,10,10,9,10,9,10,0.0,0,4,170,2
20,40,0,162,50,1,0,0,1,0,0,0,0,3,1000.0,20000.0,9,10,9,9,10,10,9,10,10,9,10,9,10,0.0,0,5,162,1
21,28,1,165,55,0,0,0,0,0,0,1,0,2,10000.0,20000.0,6,6,6,6,6,6,4,4,4,8,6,3,4,1.0,1,1,115,5
21,28,1,165,55,0,0,0,0,0,0,1,0,2,10000.0,20000.0,6,6,6,6,6,6,4,4,4,8,6,3,4,1.0,1,2,60,4
21,28,1,165,55,0,0,0,0,0,0,1,0,2,10000.0,20000.0,6,6,6,6,6,6,4,4,4,8,6,3,4,1.0,1,3,173,3
21,28,1,165,55,0,0,0,0,0,0,1,0,2,10000.0,20000.0,6,6,6,6,6,6,4,4,4,8,6,3,4,1.0,1,4,174,2
21,28,1,165,55,0,0,0,0,0,0,1,0,2,10000.0,20000.0,6,6,6,6,6,6,4,4,4,8,6,3,4,1.0,1,5,163,1
21,28,1,165,55,0,0,0,0,0,0,1,0,1,12000.0,25000.0,7,4,6,7,8,8,3,3,3,8,7,5,7,1.0,1,1,121,5
21,28,1,165,55,0,0,0,0,0,0,1,0,1,12000.0,25000.0,7,4,6,7,8,8,3,3,3,8,7,5,7,1.0,1,2,122,4
21,28,1,165,55,0,0,0,0,0,0,1,0,1,12000.0,25000.0,7,4,6,7,8,8,3,3,3,8,7,5,7,1.0,1,3,123,3
21,28,1,165,55,0,0,0,0,0,0,1,0,1,12000.0,25000.0,7,4,6,7,8,8,3,3,3,8,7,5,7,1.0,1,4,124,2
21,28,1,165,55,0,0,0,0,0,0,1,0,1,12000.0,25000.0,7,4,6,7,8,8,3,3,3,8,7,5,7,1.0,1,5,125,1
21,28,1,165,55,0,0,0,0,0,0,1,0,0,5000.0,15000.0,2,9,2,3,3,3,7,7,8,4,7,3,7,0.0,0,1,11,5
21,28,1,165,55,0,0,0,0,0,0,1,0,0,5000.0,15000.0,2,9,2,3,3,3,7,7,8,4,7,3,7,0.0,0,2,168,4
21,28,1,165,55,0,0,0,0,0,0,1,0,0,5000.0,15000.0,2,9,2,3,3,3,7,7,8,4,7,3,7,0.0,0,3,152,3
21,28,1,165,55,0,0,0,0,0,0,1,0,0,5000.0,15000.0,2,9,2,3,3,3,7,7,8,4,7,3,7,0.0,0,4,159,2
21,28,1,165,55,0,0,0,0,0,0,1,0,0,5000.0,15000.0,2,9,2,3,3,3,7,7,8,4,7,3,7,0.0,0,5,160,1
21,28,1,165,55,0,0,0,0,0,0,1,0,3,10000.0,15000.0,5,7,5,6,6,6,6,6,6,6,6,1,3,1.0,1,1,4,5
21,28,1,165,55,0,0,0,0,0,0,1,0,3,10000.0,15000.0,5,7,5,6,6,6,6,6,6,6,6,1,3,1.0,1,2,6,4
21,28,1,165,55,0,0,0,0,0,0,1,0,3,10000.0,15000.0,5,7,5,6,6,6,6,6,6,6,6,1,3,1.0,1,3,9,3
21,28,1,165,55,0,0,0,0,0,0,1,0,3,10000.0,15000.0,5,7,5,6,6,6,6,6,6,6,6,1,3,1.0,1,4,167,2
21,28,1,165,55,0,0,0,0,0,0,1,0,3,10000.0,15000.0,5,7,5,6,6,6,6,6,6,6,6,1,3,1.0,1,5,169,1
22,30,1,170,60,1,1,0,0,0,0,0,0,2,10000.0,20000.0,8,10,7,9,10,9,10,10,7,10,10,10,9,0.0,0,1,81,5
22,30,1,170,60,1,1,0,0,0,0,0,0,2,10000.0,20000.0,8,10,7,9,10,9,10,10,7,10,10,10,9,0.0,0,2,103,4
22,30,1,170,60,1,1,0,0,0,0,0,0,2,10000.0,20000.0,8,10,7,9,10,9,10,10,7,10,10,10,9,0.0,0,3,21,3
22,30,1,170,60,1,1,0,0,0,0,0,0,2,10000.0,20000.0,8,10,7,9,10,9,10,10,7,10,10,10,9,0.0,0,4,22,2
22,30,1,170,60,1,1,0,0,0,0,0,0,2,10000.0,20000.0,8,10,7,9,10,9,10,10,7,10,10,10,9,0.0,0,5,23,1
22,30,1,170,60,1,1,0,0,0,0,0,0,1,10000.0,20000.0,9,10,9,9,10,10,10,8,7,10,10,7,7,0.0,0,1,146,5
22,30,1,170,60,1,1,0,0,0,0,0,0,1,10000.0,20000.0,9,10,9,9,10,10,10,8,7,10,10,7,7,0.0,0,2,147,4
22,30,1,170,60,1,1,0,0,0,0,0,0,1,10000.0,20000.0,9,10,9,9,10,10,10,8,7,10,10,7,7,0.0,0,3,148,3
22,30,1,170,60,1,1,0,0,0,0,0,0,1,10000.0,20000.0,9,10,9,9,10,10,10,8,7,10,10,7,7,0.0,0,4,149,2
22,30,1,170,60,1,1,0,0,0,0,0,0,1,10000.0,20000.0,9,10,9,9,10,10,10,8,7,10,10,7,7,0.0,0,5,142,1
22,30,1,170,60,1,1,0,0,0,0,0,0,0,10000.0,20000.0,8,10,10,9,9,9,10,9,9,9,9,10,10,0.0,0,1,115,5
22,30,1,170,60,1,1,0,0,0,0,0,0,0,10000.0,20000.0,8,10,10,9,9,9,10,9,9,9,9,10,10,0.0,0,2,116,4
22,30,1,170,60,1,1,0,0,0,0,0,0,0,10000.0,20000.0,8,10,10,9,9,9,10,9,9,9,9,10,10,0.0,0,3,117,3
22,30,1,170,60,1,1,0,0,0,0,0,0,0,10000.0,20000.0,8,10,10,9,9,9,10,9,9,9,9,10,10,0.0,0,4,118,2
22,30,1,170,60,1,1,0,0,0,0,0,0,0,10000.0,20000.0,8,10,10,9,9,9,10,9,9,9,9,10,10,0.0,0,5,119,1
22,30,1,170,60,1,1,0,0,0,0,0,0,3,10000.0,20000.0,7,10,7,10,9,10,10,10,7,7,9,9,7,0.0,0,1,1,5
22,30,1,170,60,1,1,0,0,0,0,0,0,3,10000.0,20000.0,7,10,7,10,9,10,10,10,7,7,9,9,7,0.0,0,2,2,4
22,30,1,170,60,1,1,0,0,0,0,0,0,3,10000.0,20000.0,7,10,7,10,9,10,10,10,7,7,9,9,7,0.0,0,3,3,3
22,30,1,170,60,1,1,0,0,0,0,0,0,3,10000.0,20000.0,7,10,7,10,9,10,10,10,7,7,9,9,7,0.0,0,4,4,2
22,30,1,170,60,1,1,0,0,0,0,0,0,3,10000.0,20000.0,7,10,7,10,9,10,10,10,7,7,9,9,7,0.0,0,5,5,1
23,22,0,150,40,0,0,1,0,0,0,0,0,2,5000.0,10000.0,8,7,6,8,8,8,9,9,8,8,9,9,9,0.0,0,1,21,5
23,22,0,150,40,0,0,1,0,0,0,0,0,2,5000.0,10000.0,8,7,6,8,8,8,9,9,8,8,9,9,9,0.0,0,2,22,4
23,22,0,150,40,0,0,1,0,0,0,0,0,2,5000.0,10000.0,8,7,6,8,8,8,9,9,8,8,9,9,9,0.0,0,3,23,3
23,22,0,150,40,0,0,1,0,0,0,0,0,2,5000.0,10000.0,8,7,6,8,8,8,9,9,8,8,9,9,9,0.0,0,4,24,2
23,22,0,150,40,0,0,1,0,0,0,0,0,2,5000.0,10000.0,8,7,6,8,8,8,9,9,8,8,9,9,9,0.0,0,5,25,1
23,22,0,150,40,0,0,1,0,0,0,0,0,1,10000.0,20000.0,7,9,8,8,7,8,9,7,8,8,7,8,8,0.0,0,1,124,5
23,22,0,150,40,0,0,1,0,0,0,0,0,1,10000.0,20000.0,7,9,8,8,7,8,9,7,8,8,7,8,8,0.0,0,2,125,4
23,22,0,150,40,0,0,1,0,0,0,0,0,1,10000.0,20000.0,7,9,8,8,7,8,9,7,8,8,7,8,8,0.0,0,3,126,3
23,22,0,150,40,0,0,1,0,0,0,0,0,1,10000.0,20000.0,7,9,8,8,7,8,9,7,8,8,7,8,8,0.0,0,4,153,2
23,22,0,150,40,0,0,1,0,0,0,0,0,1,10000.0,20000.0,7,9,8,8,7,8,9,7,8,8,7,8,8,0.0,0,5,155,1
23,22,0,150,40,0,0,1,0,0,0,0,0,0,10000.0,20000.0,8,8,9,8,9,7,8,8,8,8,7,9,9,0.0,0,1,11,5
23,22,0,150,40,0,0,1,0,0,0,0,0,0,10000.0,20000.0,8,8,9,8,9,7,8,8,8,8,7,9,9,0.0,0,2,12,4
23,22,0,150,40,0,0,1,0,0,0,0,0,0,10000.0,20000.0,8,8,9,8,9,7,8,8,8,8,7,9,9,0.0,0,3,13,3
23,22,0,150,40,0,0,1,0,0,0,0,0,0,10000.0,20000.0,8,8,9,8,9,7,8,8,8,8,7,9,9,0.0,0,4,142,2
23,22,0,150,40,0,0,1,0,0,0,0,0,0,10000.0,20000.0,8,8,9,8,9,7,8,8,8,8,7,9,9,0.0,0,5,143,1
23,22,0,150,40,0,0,1,0,0,0,0,0,3,10000.0,15000.0,9,9,7,8,8,9,8,8,8,8,8,8,9,0.0,0,1,15,5
23,22,0,150,40,0,0,1,0,0,0,0,0,3,10000.0,15000.0,9,9,7,8,8,9,8,8,8,8,8,8,9,0.0,0,2,16,4
23,22,0,150,40,0,0,1,0,0,0,0,0,3,10000.0,15000.0,9,9,7,8,8,9,8,8,8,8,8,8,9,0.0,0,3,17,3
23,22,0,150,40,0,0,1,0,0,0,0,0,3,10000.0,15000.0,9,9,7,8,8,9,8,8,8,8,8,8,9,0.0,0,4,162,2
23,22,0,150,40,0,0,1,0,0,0,0,0,3,10000.0,15000.0,9,9,7,8,8,9,8,8,8,8,8,8,9,0.0,0,5,163,1
24,40,1,160,40,0,0,0,1,0,0,0,0,2,5000.0,10000.0,8,9,8,7,8,9,9,8,8,8,9,8,9,0.0,0,1,114,5
24,40,1,160,40,0,0,0,1,0,0,0,0,2,5000.0,10000.0,8,9,8,7,8,9,9,8,8,8,9,8,9,0.0,0,2,115,4
24,40,1,160,40,0,0,0,1,0,0,0,0,2,5000.0,10000.0,8,9,8,7,8,9,9,8,8,8,9,8,9,0.0,0,3,116,3
24,40,1,160,40,0,0,0,1,0,0,0,0,2,5000.0,10000.0,8,9,8,7,8,9,9,8,8,8,9,8,9,0.0,0,4,23,2
24,40,1,160,40,0,0,0,1,0,0,0,0,2,5000.0,10000.0,8,9,8,7,8,9,9,8,8,8,9,8,9,0.0,0,5,25,1
24,40,1,160,40,0,0,0,1,0,0,0,0,1,10000.0,20000.0,7,6,8,8,9,8,9,9,8,9,9,8,9,1.0,1,1,127,5
24,40,1,160,40,0,0,0,1,0,0,0,0,1,10000.0,20000.0,7,6,8,8,9,8,9,9,8,9,9,8,9,1.0,1,2,117,4
24,40,1,160,40,0,0,0,1,0,0,0,0,1,10000.0,20000.0,7,6,8,8,9,8,9,9,8,9,9,8,9,1.0,1,3,118,3
24,40,1,160,40,0,0,0,1,0,0,0,0,1,10000.0,20000.0,7,6,8,8,9,8,9,9,8,9,9,8,9,1.0,1,4,119,2
24,40,1,160,40,0,0,0,1,0,0,0,0,1,10000.0,20000.0,7,6,8,8,9,8,9,9,8,9,9,8,9,1.0,1,5,120,1
24,40,1,160,40,0,0,0,1,0,0,0,0,0,10000.0,15000.0,7,8,6,7,8,9,8,8,9,8,7,8,9,0.0,1,1,158,5
24,40,1,160,40,0,0,0,1,0,0,0,0,0,10000.0,15000.0,7,8,6,7,8,9,8,8,9,8,7,8,9,0.0,1,2,159,4
24,40,1,160,40,0,0,0,1,0,0,0,0,0,10000.0,15000.0,7,8,6,7,8,9,8,8,9,8,7,8,9,0.0,1,3,160,3
24,40,1,160,40,0,0,0,1,0,0,0,0,0,10000.0,15000.0,7,8,6,7,8,9,8,8,9,8,7,8,9,0.0,1,4,161,2
24,40,1,160,40,0,0,0,1,0,0,0,0,0,10000.0,15000.0,7,8,6,7,8,9,8,8,9,8,7,8,9,0.0,1,5,143,1
24,40,1,160,40,0,0,0,1,0,0,0,0,3,10000.0,20000.0,7,8,4,9,8,8,8,9,7,8,9,8,9,0.0,0,1,43,5
24,40,1,160,40,0,0,0,1,0,0,0,0,3,10000.0,20000.0,7,8,4,9,8,8,8,9,7,8,9,8,9,0.0,0,2,44,4
24,40,1,160,40,0,0,0,1,0,0,0,0,3,10000.0,20000.0,7,8,4,9,8,8,8,9,7,8,9,8,9,0.0,0,3,45,3
24,40,1,160,40,0,0,0,1,0,0,0,0,3,10000.0,20000.0,7,8,4,9,8,8,8,9,7,8,9,8,9,0.0,0,4,46,2
24,40,1,160,40,0,0,0,1,0,0,0,0,3,10000.0,20000.0,7,8,4,9,8,8,8,9,7,8,9,8,9,0.0,0,5,161,1
25,26,1,170,52,1,1,0,0,0,0,0,0,2,10000.0,20000.0,8,8,6,8,8,8,8,8,8,8,8,7,8,0.0,1,1,139,5
25,26,1,170,52,1,1,0,0,0,0,0,0,2,10000.0,20000.0,8,8,6,8,8,8,8,8,8,8,8,7,8,0.0,1,2,140,4
25,26,1,170,52,1,1,0,0,0,0,0,0,2,10000.0,20000.0,8,8,6,8,8,8,8,8,8,8,8,7,8,0.0,1,3,141,3
25,26,1,170,52,1,1,0,0,0,0,0,0,2,10000.0,20000.0,8,8,6,8,8,8,8,8,8,8,8,7,8,0.0,1,4,142,2
25,26,1,170,52,1,1,0,0,0,0,0,0,2,10000.0,20000.0,8,8,6,8,8,8,8,8,8,8,8,7,8,0.0,1,5,143,1
25,26,1,170,52,1,1,0,0,0,0,0,0,1,10000.0,20000.0,7,8,9,8,9,8,9,8,9,9,8,8,9,0.0,0,1,85,5
25,26,1,170,52,1,1,0,0,0,0,0,0,1,10000.0,20000.0,7,8,9,8,9,8,9,8,9,9,8,8,9,0.0,0,2,86,4
25,26,1,170,52,1,1,0,0,0,0,0,0,1,10000.0,20000.0,7,8,9,8,9,8,9,8,9,9,8,8,9,0.0,0,3,87,3
25,26,1,170,52,1,1,0,0,0,0,0,0,1,10000.0,20000.0,7,8,9,8,9,8,9,8,9,9,8,8,9,0.0,0,4,89,2
25,26,1,170,52,1,1,0,0,0,0,0,0,1,10000.0,20000.0,7,8,9,8,9,8,9,8,9,9,8,8,9,0.0,0,5,90,1
25,26,1,170,52,1,1,0,0,0,0,0,0,0,2000.0,10000.0,8,8,5,7,9,8,9,8,9,8,9,9,9,1.0,1,1,153,5
25,26,1,170,52,1,1,0,0,0,0,0,0,0,2000.0,10000.0,8,8,5,7,9,8,9,8,9,8,9,9,9,1.0,1,2,154,4
25,26,1,170,52,1,1,0,0,0,0,0,0,0,2000.0,10000.0,8,8,5,7,9,8,9,8,9,8,9,9,9,1.0,1,3,155,3
25,26,1,170,52,1,1,0,0,0,0,0,0,0,2000.0,10000.0,8,8,5,7,9,8,9,8,9,8,9,9,9,1.0,1,4,156,2
25,26,1,170,52,1,1,0,0,0,0,0,0,0,2000.0,10000.0,8,8,5,7,9,8,9,8,9,8,9,9,9,1.0,1,5,157,1
25,26,1,170,52,1,1,0,0,0,0,0,0,3,10000.0,20000.0,7,8,8,9,8,8,9,7,8,8,9,8,6,0.0,0,1,1,5
25,26,1,170,52,1,1,0,0,0,0,0,0,3,10000.0,20000.0,7,8,8,9,8,8,9,7,8,8,9,8,6,0.0,0,2,3,4
25,26,1,170,52,1,1,0,0,0,0,0,0,3,10000.0,20000.0,7,8,8,9,8,8,9,7,8,8,9,8,6,0.0,0,3,2,3
25,26,1,170,52,1,1,0,0,0,0,0,0,3,10000.0,20000.0,7,8,8,9,8,8,9,7,8,8,9,8,6,0.0,0,4,5,2
25,26,1,170,52,1,1,0,0,0,0,0,0,3,10000.0,20000.0,7,8,8,9,8,8,9,7,8,8,9,8,6,0.0,0,5,6,1
26,45,0,150,50,1,0,0,0,0,0,0,1,2,10000.0,20000.0,8,9,9,8,9,10,10,10,10,9,9,9,10,0.0,0,1,164,5
26,45,0,150,50,1,0,0,0,0,0,0,1,2,10000.0,20000.0,8,9,9,8,9,10,10,10,10,9,9,9,10,0.0,0,2,165,4
26,45,0,150,50,1,0,0,0,0,0,0,1,2,10000.0,20000.0,8,9,9,8,9,10,10,10,10,9,9,9,10,0.0,0,3,166,3
26,45,0,150,50,1,0,0,0,0,0,0,1,2,10000.0,20000.0,8,9,9,8,9,10,10,10,10,9,9,9,10,0.0,0,4,81,2
26,45,0,150,50,1,0,0,0,0,0,0,1,2,10000.0,20000.0,8,9,9,8,9,10,10,10,10,9,9,9,10,0.0,0,5,60,1
26,45,0,150,50,1,0,0,0,0,0,0,1,1,10000.0,15000.0,8,9,9,10,10,9,9,10,10,10,9,9,10,0.0,0,1,121,5
26,45,0,150,50,1,0,0,0,0,0,0,1,1,10000.0,15000.0,8,9,9,10,10,9,9,10,10,10,9,9,10,0.0,0,2,122,4
26,45,0,150,50,1,0,0,0,0,0,0,1,1,10000.0,15000.0,8,9,9,10,10,9,9,10,10,10,9,9,10,0.0,0,3,123,3
26,45,0,150,50,1,0,0,0,0,0,0,1,1,10000.0,15000.0,8,9,9,10,10,9,9,10,10,10,9,9,10,0.0,0,4,124,2
26,45,0,150,50,1,0,0,0,0,0,0,1,1,10000.0,15000.0,8,9,9,10,10,9,9,10,10,10,9,9,10,0.0,0,5,124,1
26,45,0,150,50,1,0,0,0,0,0,0,1,0,10000.0,20000.0,9,10,9,10,10,10,9,10,9,10,10,10,9,0.0,0,1,64,5
26,45,0,150,50,1,0,0,0,0,0,0,1,0,10000.0,20000.0,9,10,9,10,10,10,9,10,9,10,10,10,9,0.0,0,2,65,4
26,45,0,150,50,1,0,0,0,0,0,0,1,0,10000.0,20000.0,9,10,9,10,10,10,9,10,9,10,10,10,9,0.0,0,3,66,3
26,45,0,150,50,1,0,0,0,0,0,0,1,0,10000.0,20000.0,9,10,9,10,10,10,9,10,9,10,10,10,9,0.0,0,4,67,2
26,45,0,150,50,1,0,0,0,0,0,0,1,0,10000.0,20000.0,9,10,9,10,10,10,9,10,9,10,10,10,9,0.0,0,5,160,1
26,45,0,150,50,1,0,0,0,0,0,0,1,3,10000.0,50000.0,10,9,9,8,9,10,10,9,9,9,9,10,10,0.0,0,1,1,5
26,45,0,150,50,1,0,0,0,0,0,0,1,3,10000.0,50000.0,10,9,9,8,9,10,10,9,9,9,9,10,10,0.0,0,2,2,4
26,45,0,150,50,1,0,0,0,0,0,0,1,3,10000.0,50000.0,10,9,9,8,9,10,10,9,9,9,9,10,10,0.0,0,3,3,3
26,45,0,150,50,1,0,0,0,0,0,0,1,3,10000.0,50000.0,10,9,9,8,9,10,10,9,9,9,9,10,10,0.0,0,4,9,2
26,45,0,150,50,1,0,0,0,0,0,0,1,3,10000.0,50000.0,10,9,9,8,9,10,10,9,9,9,9,10,10,0.0,0,5,15,1
27,30,1,165,40,0,1,0,0,0,0,0,0,2,10000.0,22000.0,10,9,8,10,9,9,10,9,10,9,10,9,9,0.0,0,1,112,5
27,30,1,165,40,0,1,0,0,0,0,0,0,2,10000.0,22000.0,10,9,8,10,9,9,10,9,10,9,10,9,9,0.0,0,2,113,4
27,30,1,165,40,0,1,0,0,0,0,0,0,2,10000.0,22000.0,10,9,8,10,9,9,10,9,10,9,10,9,9,0.0,0,3,114,3
27,30,1,165,40,0,1,0,0,0,0,0,0,2,10000.0,22000.0,10,9,8,10,9,9,10,9,10,9,10,9,9,0.0,0,4,160,2
27,30,1,165,40,0,1,0,0,0,0,0,0,2,10000.0,22000.0,10,9,8,10,9,9,10,9,10,9,10,9,9,0.0,0,5,161,1
27,30,1,165,40,0,1,0,0,0,0,0,0,1,10000.0,20000.0,10,9,9,8,10,10,9,8,8,10,10,10,9,0.0,0,1,107,5
27,30,1,165,40,0,1,0,0,0,0,0,0,1,10000.0,20000.0,10,9,9,8,10,10,9,8,8,10,10,10,9,0.0,0,2,109,4
27,30,1,165,40,0,1,0,0,0,0,0,0,1,10000.0,20000.0,10,9,9,8,10,10,9,8,8,10,10,10,9,0.0,0,3,106,3
27,30,1,165,40,0,1,0,0,0,0,0,0,1,10000.0,20000.0,10,9,9,8,10,10,9,8,8,10,10,10,9,0.0,0,4,110,2
27,30,1,165,40,0,1,0,0,0,0,0,0,1,10000.0,20000.0,10,9,9,8,10,10,9,8,8,10,10,10,9,0.0,0,5,111,1
27,30,1,165,40,0,1,0,0,0,0,0,0,0,10000.0,20000.0,8,9,10,8,9,9,10,10,10,10,9,9,10,0.0,1,1,139,5
27,30,1,165,40,0,1,0,0,0,0,0,0,0,10000.0,20000.0,8,9,10,8,9,9,10,10,10,10,9,9,10,0.0,1,2,140,4
27,30,1,165,40,0,1,0,0,0,0,0,0,0,10000.0,20000.0,8,9,10,8,9,9,10,10,10,10,9,9,10,0.0,1,3,141,3
27,30,1,165,40,0,1,0,0,0,0,0,0,0,10000.0,20000.0,8,9,10,8,9,9,10,10,10,10,9,9,10,0.0,1,4,142,2
27,30,1,165,40,0,1,0,0,0,0,0,0,0,10000.0,20000.0,8,9,10,8,9,9,10,10,10,10,9,9,10,0.0,1,5,143,1
27,30,1,165,40,0,1,0,0,0,0,0,0,3,1000.0,30000.0,10,8,10,8,10,10,9,10,10,9,9,10,10,0.0,0,1,163,5
27,30,1,165,40,0,1,0,0,0,0,0,0,3,1000.0,30000.0,10,8,10,8,10,10,9,10,10,9,9,10,10,0.0,0,2,164,4
27,30,1,165,40,0,1,0,0,0,0,0,0,3,1000.0,30000.0,10,8,10,8,10,10,9,10,10,9,9,10,10,0.0,0,3,1,3
27,30,1,165,40,0,1,0,0,0,0,0,0,3,1000.0,30000.0,10,8,10,8,10,10,9,10,10,9,9,10,10,0.0,0,4,2,2
27,30,1,165,40,0,1,0,0,0,0,0,0,3,1000.0,30000.0,10,8,10,8,10,10,9,10,10,9,9,10,10,0.0,0,5,3,1
28,18,1,160,55,0,0,1,0,0,0,0,0,2,10000.0,15000.0,8,9,10,10,9,9,10,9,10,9,9,10,10,1.0,1,1,21,5
28,18,1,160,55,0,0,1,0,0,0,0,0,2,10000.0,15000.0,8,9,10,10,9,9,10,9,10,9,9,10,10,1.0,1,2,22,4
28,18,1,160,55,0,0,1,0,0,0,0,0,2,10000.0,15000.0,8,9,10,10,9,9,10,9,10,9,9,10,10,1.0,1,3,23,3
28,18,1,160,55,0,0,1,0,0,0,0,0,2,10000.0,15000.0,8,9,10,10,9,9,10,9,10,9,9,10,10,1.0,1,4,24,2
28,18,1,160,55,0,0,1,0,0,0,0,0,2,10000.0,15000.0,8,9,10,10,9,9,10,9,10,9,9,10,10,1.0,1,5,25,1
28,18,1,160,55,0,0,1,0,0,0,0,0,1,10000.0,20000.0,8,9,9,9,10,9,9,9,10,10,9,9,10,0.0,1,1,61,5
28,18,1,160,55,0,0,1,0,0,0,0,0,1,10000.0,20000.0,8,9,9,9,10,9,9,9,10,10,9,9,10,0.0,1,2,62,4
28,18,1,160,55,0,0,1,0,0,0,0,0,1,10000.0,20000.0,8,9,9,9,10,9,9,9,10,10,9,9,10,0.0,1,3,63,3
28,18,1,160,55,0,0,1,0,0,0,0,0,1,10000.0,20000.0,8,9,9,9,10,9,9,9,10,10,9,9,10,0.0,1,4,64,2
28,18,1,160,55,0,0,1,0,0,0,0,0,1,10000.0,20000.0,8,9,9,9,10,9,9,9,10,10,9,9,10,0.0,1,5,65,1
28,18,1,160,55,0,0,1,0,0,0,0,0,0,10000.0,15000.0,9,9,7,9,9,9,10,10,9,8,9,9,10,0.0,0,1,164,5
28,18,1,160,55,0,0,1,0,0,0,0,0,0,10000.0,15000.0,9,9,7,9,9,9,10,10,9,8,9,9,10,0.0,0,2,163,4
28,18,1,160,55,0,0,1,0,0,0,0,0,0,10000.0,15000.0,9,9,7,9,9,9,10,10,9,8,9,9,10,0.0,0,3,160,3
28,18,1,160,55,0,0,1,0,0,0,0,0,0,10000.0,15000.0,9,9,7,9,9,9,10,10,9,8,9,9,10,0.0,0,4,161,2
28,18,1,160,55,0,0,1,0,0,0,0,0,0,10000.0,15000.0,9,9,7,9,9,9,10,10,9,8,9,9,10,0.0,0,5,144,1
28,18,1,160,55,0,0,1,0,0,0,0,0,3,10000.0,15000.0,9,10,9,10,9,9,8,10,10,10,9,9,10,0.0,0,1,1,5
28,18,1,160,55,0,0,1,0,0,0,0,0,3,10000.0,15000.0,9,10,9,10,9,9,8,10,10,10,9,9,10,0.0,0,2,2,4
28,18,1,160,55,0,0,1,0,0,0,0,0,3,10000.0,15000.0,9,10,9,10,9,9,8,10,10,10,9,9,10,0.0,0,3,130,3
28,18,1,160,55,0,0,1,0,0,0,0,0,3,10000.0,15000.0,9,10,9,10,9,9,8,10,10,10,9,9,10,0.0,0,4,129,2
28,18,1,160,55,0,0,1,0,0,0,0,0,3,10000.0,15000.0,9,10,9,10,9,9,8,10,10,10,9,9,10,0.0,0,5,3,1
29,22,0,150,40,1,0,1,0,0,0,0,0,2,4000.0,10000.0,8,9,10,9,10,9,10,9,10,9,9,10,10,1.0,0,1,21,5
29,22,0,150,40,1,0,1,0,0,0,0,0,2,4000.0,10000.0,8,9,10,9,10,9,10,9,10,9,9,10,10,1.0,0,2,22,4
29,22,0,150,40,1,0,1,0,0,0,0,0,2,4000.0,10000.0,8,9,10,9,10,9,10,9,10,9,9,10,10,1.0,0,3,23,3
29,22,0,150,40,1,0,1,0,0,0,0,0,2,4000.0,10000.0,8,9,10,9,10,9,10,9,10,9,9,10,10,1.0,0,4,24,2
29,22,0,150,40,1,0,1,0,0,0,0,0,2,4000.0,10000.0,8,9,10,9,10,9,10,9,10,9,9,10,10,1.0,0,5,25,1
29,22,0,150,40,1,0,1,0,0,0,0,0,1,6000.0,10000.0,9,9,7,10,10,9,9,10,10,9,10,9,10,0.0,0,1,21,5
29,22,0,150,40,1,0,1,0,0,0,0,0,1,6000.0,10000.0,9,9,7,10,10,9,9,10,10,9,10,9,10,0.0,0,2,22,4
29,22,0,150,40,1,0,1,0,0,0,0,0,1,6000.0,10000.0,9,9,7,10,10,9,9,10,10,9,10,9,10,0.0,0,3,24,3
29,22,0,150,40,1,0,1,0,0,0,0,0,1,6000.0,10000.0,9,9,7,10,10,9,9,10,10,9,10,9,10,0.0,0,4,23,2
29,22,0,150,40,1,0,1,0,0,0,0,0,1,6000.0,10000.0,9,9,7,10,10,9,9,10,10,9,10,9,10,0.0,0,5,25,1
29,22,0,150,40,1,0,1,0,0,0,0,0,0,10000.0,20000.0,9,10,10,10,9,9,9,10,9,10,10,10,10,0.0,0,1,160,5
29,22,0,150,40,1,0,1,0,0,0,0,0,0,10000.0,20000.0,9,10,10,10,9,9,9,10,9,10,10,10,10,0.0,0,2,161,4
29,22,0,150,40,1,0,1,0,0,0,0,0,0,10000.0,20000.0,9,10,10,10,9,9,9,10,9,10,10,10,10,0.0,0,3,125,3
29,22,0,150,40,1,0,1,0,0,0,0,0,0,10000.0,20000.0,9,10,10,10,9,9,9,10,9,10,10,10,10,0.0,0,4,126,2
29,22,0,150,40,1,0,1,0,0,0,0,0,0,10000.0,20000.0,9,10,10,10,9,9,9,10,9,10,10,10,10,0.0,0,5,124,1
29,22,0,150,40,1,0,1,0,0,0,0,0,3,2000.0,10000.0,9,8,10,9,10,10,10,10,9,10,10,9,10,0.0,0,1,129,5
29,22,0,150,40,1,0,1,0,0,0,0,0,3,2000.0,10000.0,9,8,10,9,10,10,10,10,9,10,10,9,10,0.0,0,2,135,4
29,22,0,150,40,1,0,1,0,0,0,0,0,3,2000.0,10000.0,9,8,10,9,10,10,10,10,9,10,10,9,10,0.0,0,3,2,3
29,22,0,150,40,1,0,1,0,0,0,0,0,3,2000.0,10000.0,9,8,10,9,10,10,10,10,9,10,10,9,10,0.0,0,4,1,2
29,22,0,150,40,1,0,1,0,0,0,0,0,3,2000.0,10000.0,9,8,10,9,10,10,10,10,9,10,10,9,10,0.0,0,5,3,1
30,29,0,180,70,1,0,0,1,0,0,0,0,2,2000.0,10000.0,10,9,10,9,9,10,8,9,9,10,10,10,9,0.0,0,1,21,5
30,29,0,180,70,1,0,0,1,0,0,0,0,2,2000.0,10000.0,10,9,10,9,9,10,8,9,9,10,10,10,9,0.0,0,2,14,4
30,29,0,180,70,1,0,0,1,0,0,0,0,2,2000.0,10000.0,10,9,10,9,9,10,8,9,9,10,10,10,9,0.0,0,3,22,3
30,29,0,180,70,1,0,0,1,0,0,0,0,2,2000.0,10000.0,10,9,10,9,9,10,8,9,9,10,10,10,9,0.0,0,4,23,2
30,29,0,180,70,1,0,0,1,0,0,0,0,2,2000.0,10000.0,10,9,10,9,9,10,8,9,9,10,10,10,9,0.0,0,5,25,1
30,29,0,180,70,1,0,0,1,0,0,0,0,1,10000.0,15000.0,10,9,9,10,10,10,10,9,10,9,9,9,10,0.0,0,1,121,5
30,29,0,180,70,1,0,0,1,0,0,0,0,1,10000.0,15000.0,10,9,9,10,10,10,10,9,10,9,9,9,10,0.0,0,2,122,4
30,29,0,180,70,1,0,0,1,0,0,0,0,1,10000.0,15000.0,10,9,9,10,10,10,10,9,10,9,9,9,10,0.0,0,3,123,3
30,29,0,180,70,1,0,0,1,0,0,0,0,1,10000.0,15000.0,10,9,9,10,10,10,10,9,10,9,9,9,10,0.0,0,4,125,2
30,29,0,180,70,1,0,0,1,0,0,0,0,1,10000.0,15000.0,10,9,9,10,10,10,10,9,10,9,9,9,10,0.0,0,5,126,1
30,29,0,180,70,1,0,0,1,0,0,0,0,0,15000.0,20000.0,10,9,9,10,10,9,9,10,10,10,9,9,10,0.0,1,1,163,5
30,29,0,180,70,1,0,0,1,0,0,0,0,0,15000.0,20000.0,10,9,9,10,10,9,9,10,10,10,9,9,10,0.0,1,2,164,4
30,29,0,180,70,1,0,0,1,0,0,0,0,0,15000.0,20000.0,10,9,9,10,10,9,9,10,10,10,9,9,10,0.0,1,3,158,3
30,29,0,180,70,1,0,0,1,0,0,0,0,0,15000.0,20000.0,10,9,9,10,10,9,9,10,10,10,9,9,10,0.0,1,4,159,2
30,29,0,180,70,1,0,0,1,0,0,0,0,0,15000.0,20000.0,10,9,9,10,10,9,9,10,10,10,9,9,10,0.0,1,5,144,1
30,29,0,180,70,1,0,0,1,0,0,0,0,3,10000.0,30000.0,10,9,9,10,7,9,9,10,9,10,9,9,10,0.0,0,1,134,5
30,29,0,180,70,1,0,0,1,0,0,0,0,3,10000.0,30000.0,10,9,9,10,7,9,9,10,9,10,9,9,10,0.0,0,2,135,4
30,29,0,180,70,1,0,0,1,0,0,0,0,3,10000.0,30000.0,10,9,9,10,7,9,9,10,9,10,9,9,10,0.0,0,3,136,3
30,29,0,180,70,1,0,0,1,0,0,0,0,3,10000.0,30000.0,10,9,9,10,7,9,9,10,9,10,9,9,10,0.0,0,4,137,2
30,29,0,180,70,1,0,0,1,0,0,0,0,3,10000.0,30000.0,10,9,9,10,7,9,9,10,9,10,9,9,10,0.0,0,5,1,1
31,25,0,163,40,0,0,0,0,0,0,0,1,2,10000.0,15000.0,10,9,9,9,10,10,8,9,10,9,9,10,10,0.0,0,1,114,5
31,25,0,163,40,0,0,0,0,0,0,0,1,2,10000.0,15000.0,10,9,9,9,10,10,8,9,10,9,9,10,10,0.0,0,2,115,4
31,25,0,163,40,0,0,0,0,0,0,0,1,2,10000.0,15000.0,10,9,9,9,10,10,8,9,10,9,9,10,10,0.0,0,3,116,3
31,25,0,163,40,0,0,0,0,0,0,0,1,2,10000.0,15000.0,10,9,9,9,10,10,8,9,10,9,9,10,10,0.0,0,4,124,2
31,25,0,163,40,0,0,0,0,0,0,0,1,2,10000.0,15000.0,10,9,9,9,10,10,8,9,10,9,9,10,10,0.0,0,5,125,1
31,25,0,163,40,0,0,0,0,0,0,0,1,1,10000.0,15000.0,10,9,7,10,10,9,8,9,9,9,9,9,10,0.0,1,1,12,5
31,25,0,163,40,0,0,0,0,0,0,0,1,1,10000.0,15000.0,10,9,7,10,10,9,8,9,9,9,9,9,10,0.0,1,2,11,4
31,25,0,163,40,0,0,0,0,0,0,0,1,1,10000.0,15000.0,10,9,7,10,10,9,8,9,9,9,9,9,10,0.0,1,3,13,3
31,25,0,163,40,0,0,0,0,0,0,0,1,1,10000.0,15000.0,10,9,7,10,10,9,8,9,9,9,9,9,10,0.0,1,4,96,2
31,25,0,163,40,0,0,0,0,0,0,0,1,1,10000.0,15000.0,10,9,7,10,10,9,8,9,9,9,9,9,10,0.0,1,5,97,1
31,25,0,163,40,0,0,0,0,0,0,0,1,0,10000.0,20000.0,8,9,7,9,10,9,10,8,10,10,9,9,10,0.0,0,1,121,5
31,25,0,163,40,0,0,0,0,0,0,0,1,0,10000.0,20000.0,8,9,7,9,10,9,10,8,10,10,9,9,10,0.0,0,2,122,4
31,25,0,163,40,0,0,0,0,0,0,0,1,0,10000.0,20000.0,8,9,7,9,10,9,10,8,10,10,9,9,10,0.0,0,3,123,3
31,25,0,163,40,0,0,0,0,0,0,0,1,0,10000.0,20000.0,8,9,7,9,10,9,10,8,10,10,9,9,10,0.0,0,4,124,2
31,25,0,163,40,0,0,0,0,0,0,0,1,0,10000.0,20000.0,8,9,7,9,10,9,10,8,10,10,9,9,10,0.0,0,5,144,1
31,25,0,163,40,0,0,0,0,0,0,0,1,3,10000.0,20000.0,9,9,7,9,9,8,9,10,10,9,10,9,10,0.0,0,1,6,5
31,25,0,163,40,0,0,0,0,0,0,0,1,3,10000.0,20000.0,9,9,7,9,9,8,9,10,10,9,10,9,10,0.0,0,2,7,4
31,25,0,163,40,0,0,0,0,0,0,0,1,3,10000.0,20000.0,9,9,7,9,9,8,9,10,10,9,10,9,10,0.0,0,3,8,3
31,25,0,163,40,0,0,0,0,0,0,0,1,3,10000.0,20000.0,9,9,7,9,9,8,9,10,10,9,10,9,10,0.0,0,4,9,2
31,25,0,163,40,0,0,0,0,0,0,0,1,3,10000.0,20000.0,9,9,7,9,9,8,9,10,10,9,10,9,10,0.0,0,5,10,1
32,50,1,180,50,0,0,0,0,0,0,0,1,2,10000.0,20000.0,8,8,7,10,7,10,9,9,10,9,9,8,9,0.0,0,1,104,5
32,50,1,180,50,0,0,0,0,0,0,0,1,2,10000.0,20000.0,8,8,7,10,7,10,9,9,10,9,9,8,9,0.0,0,2,106,4
32,50,1,180,50,0,0,0,0,0,0,0,1,2,10000.0,20000.0,8,8,7,10,7,10,9,9,10,9,9,8,9,0.0,0,3,105,3
32,50,1,180,50,0,0,0,0,0,0,0,1,2,10000.0,20000.0,8,8,7,10,7,10,9,9,10,9,9,8,9,0.0,0,4,107,2
32,50,1,180,50,0,0,0,0,0,0,0,1,2,10000.0,20000.0,8,8,7,10,7,10,9,9,10,9,9,8,9,0.0,0,5,124,1
32,50,1,180,50,0,0,0,0,0,0,0,1,1,10000.0,20000.0,10,9,9,9,8,10,10,9,10,10,10,9,10,0.0,0,1,118,5
32,50,1,180,50,0,0,0,0,0,0,0,1,1,10000.0,20000.0,10,9,9,9,8,10,10,9,10,10,10,9,10,0.0,0,2,119,4
32,50,1,180,50,0,0,0,0,0,0,0,1,1,10000.0,20000.0,10,9,9,9,8,10,10,9,10,10,10,9,10,0.0,0,3,120,3
32,50,1,180,50,0,0,0,0,0,0,0,1,1,10000.0,20000.0,10,9,9,9,8,10,10,9,10,10,10,9,10,0.0,0,4,114,2
32,50,1,180,50,0,0,0,0,0,0,0,1,1,10000.0,20000.0,10,9,9,9,8,10,10,9,10,10,10,9,10,0.0,0,5,122,1
32,50,1,180,50,0,0,0,0,0,0,0,1,0,10000.0,20000.0,10,9,10,9,9,9,10,9,9,8,9,9,10,0.0,1,1,50,5
32,50,1,180,50,0,0,0,0,0,0,0,1,0,10000.0,20000.0,10,9,10,9,9,9,10,9,9,8,9,9,10,0.0,1,2,51,4
32,50,1,180,50,0,0,0,0,0,0,0,1,0,10000.0,20000.0,10,9,10,9,9,9,10,9,9,8,9,9,10,0.0,1,3,52,3
32,50,1,180,50,0,0,0,0,0,0,0,1,0,10000.0,20000.0,10,9,10,9,9,9,10,9,9,8,9,9,10,0.0,1,4,158,2
32,50,1,180,50,0,0,0,0,0,0,0,1,0,10000.0,20000.0,10,9,10,9,9,9,10,9,9,8,9,9,10,0.0,1,5,159,1
32,50,1,180,50,0,0,0,0,0,0,0,1,3,22000.0,40000.0,10,9,9,10,9,9,10,9,10,9,10,10,10,0.0,0,1,34,5
32,50,1,180,50,0,0,0,0,0,0,0,1,3,22000.0,40000.0,10,9,9,10,9,9,10,9,10,9,10,10,10,0.0,0,2,35,4
32,50,1,180,50,0,0,0,0,0,0,0,1,3,22000.0,40000.0,10,9,9,10,9,9,10,9,10,9,10,10,10,0.0,0,3,36,3
32,50,1,180,50,0,0,0,0,0,0,0,1,3,22000.0,40000.0,10,9,9,10,9,9,10,9,10,9,10,10,10,0.0,0,4,167,2
32,50,1,180,50,0,0,0,0,0,0,0,1,3,22000.0,40000.0,10,9,9,10,9,9,10,9,10,9,10,10,10,0.0,0,5,168,1
33,30,0,160,44,0,0,0,0,0,0,0,1,2,10000.0,15000.0,10,10,9,9,10,8,10,10,9,9,9,10,10,1.0,1,1,21,5
33,30,0,160,44,0,0,0,0,0,0,0,1,2,10000.0,15000.0,10,10,9,9,10,8,10,10,9,9,9,10,10,1.0,1,2,22,4
33,30,0,160,44,0,0,0,0,0,0,0,1,2,10000.0,15000.0,10,10,9,9,10,8,10,10,9,9,9,10,10,1.0,1,3,23,3
33,30,0,160,44,0,0,0,0,0,0,0,1,2,10000.0,15000.0,10,10,9,9,10,8,10,10,9,9,9,10,10,1.0,1,4,24,2
33,30,0,160,44,0,0,0,0,0,0,0,1,2,10000.0,15000.0,10,10,9,9,10,8,10,10,9,9,9,10,10,1.0,1,5,25,1
33,30,0,160,44,0,0,0,0,0,0,0,1,1,10000.0,15000.0,10,9,9,8,9,10,9,10,9,10,9,9,10,1.0,1,1,21,5
33,30,0,160,44,0,0,0,0,0,0,0,1,1,10000.0,15000.0,10,9,9,8,9,10,9,10,9,10,9,9,10,1.0,1,2,22,4
33,30,0,160,44,0,0,0,0,0,0,0,1,1,10000.0,15000.0,10,9,9,8,9,10,9,10,9,10,9,9,10,1.0,1,3,23,3
33,30,0,160,44,0,0,0,0,0,0,0,1,1,10000.0,15000.0,10,9,9,8,9,10,9,10,9,10,9,9,10,1.0,1,4,24,2
33,30,0,160,44,0,0,0,0,0,0,0,1,1,10000.0,15000.0,10,9,9,8,9,10,9,10,9,10,9,9,10,1.0,1,5,25,1
33,30,0,160,44,0,0,0,0,0,0,0,1,0,5000.0,10000.0,10,9,9,10,8,9,9,10,10,9,10,10,10,0.0,0,1,158,5
33,30,0,160,44,0,0,0,0,0,0,0,1,0,5000.0,10000.0,10,9,9,10,8,9,9,10,10,9,10,10,10,0.0,0,2,159,4
33,30,0,160,44,0,0,0,0,0,0,0,1,0,5000.0,10000.0,10,9,9,10,8,9,9,10,10,9,10,10,10,0.0,0,3,160,3
33,30,0,160,44,0,0,0,0,0,0,0,1,0,5000.0,10000.0,10,9,9,10,8,9,9,10,10,9,10,10,10,0.0,0,4,161,2
33,30,0,160,44,0,0,0,0,0,0,0,1,0,5000.0,10000.0,10,9,9,10,8,9,9,10,10,9,10,10,10,0.0,0,5,163,1
33,30,0,160,44,0,0,0,0,0,0,0,1,3,10000.0,20000.0,10,9,9,8,10,9,10,10,8,9,10,9,10,0.0,0,1,30,5
33,30,0,160,44,0,0,0,0,0,0,0,1,3,10000.0,20000.0,10,9,9,8,10,9,10,10,8,9,10,9,10,0.0,0,2,33,4
33,30,0,160,44,0,0,0,0,0,0,0,1,3,10000.0,20000.0,10,9,9,8,10,9,10,10,8,9,10,9,10,0.0,0,3,35,3
33,30,0,160,44,0,0,0,0,0,0,0,1,3,10000.0,20000.0,10,9,9,8,10,9,10,10,8,9,10,9,10,0.0,0,4,34,2
33,30,0,160,44,0,0,0,0,0,0,0,1,3,10000.0,20000.0,10,9,9,8,10,9,10,10,8,9,10,9,10,0.0,0,5,36,1
34,26,1,170,40,1,1,0,0,0,0,0,0,2,5000.0,10000.0,10,9,9,9,9,9,10,10,8,10,9,10,10,0.0,0,1,21,5
34,26,1,170,40,1,1,0,0,0,0,0,0,2,5000.0,10000.0,10,9,9,9,9,9,10,10,8,10,9,10,10,0.0,0,2,22,4
34,26,1,170,40,1,1,0,0,0,0,0,0,2,5000.0,10000.0,10,9,9,9,9,9,10,10,8,10,9,10,10,0.0,0,3,23,3
34,26,1,170,40,1,1,0,0,0,0,0,0,2,5000.0,10000.0,10,9,9,9,9,9,10,10,8,10,9,10,10,0.0,0,4,24,2
34,26,1,170,40,1,1,0,0,0,0,0,0,2,5000.0,10000.0,10,9,9,9,9,9,10,10,8,10,9,10,10,0.0,0,5,25,1
34,26,1,170,40,1,1,0,0,0,0,0,0,1,4000.0,20000.0,10,9,8,9,9,10,9,9,9,10,9,10,10,0.0,0,1,60,5
34,26,1,170,40,1,1,0,0,0,0,0,0,1,4000.0,20000.0,10,9,8,9,9,10,9,9,9,10,9,10,10,0.0,0,2,61,4
34,26,1,170,40,1,1,0,0,0,0,0,0,1,4000.0,20000.0,10,9,8,9,9,10,9,9,9,10,9,10,10,0.0,0,3,62,3
34,26,1,170,40,1,1,0,0,0,0,0,0,1,4000.0,20000.0,10,9,8,9,9,10,9,9,9,10,9,10,10,0.0,0,4,64,2
34,26,1,170,40,1,1,0,0,0,0,0,0,1,4000.0,20000.0,10,9,8,9,9,10,9,9,9,10,9,10,10,0.0,0,5,63,1
34,26,1,170,40,1,1,0,0,0,0,0,0,0,10000.0,20000.0,10,10,9,9,8,10,8,10,10,9,9,9,10,0.0,0,1,163,5
34,26,1,170,40,1,1,0,0,0,0,0,0,0,10000.0,20000.0,10,10,9,9,8,10,8,10,10,9,9,9,10,0.0,0,2,164,4
34,26,1,170,40,1,1,0,0,0,0,0,0,0,10000.0,20000.0,10,10,9,9,8,10,8,10,10,9,9,9,10,0.0,0,3,115,3
34,26,1,170,40,1,1,0,0,0,0,0,0,0,10000.0,20000.0,10,10,9,9,8,10,8,10,10,9,9,9,10,0.0,0,4,116,2
34,26,1,170,40,1,1,0,0,0,0,0,0,0,10000.0,20000.0,10,10,9,9,8,10,8,10,10,9,9,9,10,0.0,0,5,116,1
34,26,1,170,40,1,1,0,0,0,0,0,0,3,5000.0,20000.0,9,9,8,9,10,9,10,9,9,10,10,10,10,0.0,0,1,131,5
34,26,1,170,40,1,1,0,0,0,0,0,0,3,5000.0,20000.0,9,9,8,9,10,9,10,9,9,10,10,10,10,0.0,0,2,132,4
34,26,1,170,40,1,1,0,0,0,0,0,0,3,5000.0,20000.0,9,9,8,9,10,9,10,9,9,10,10,10,10,0.0,0,3,1,3
34,26,1,170,40,1,1,0,0,0,0,0,0,3,5000.0,20000.0,9,9,8,9,10,9,10,9,9,10,10,10,10,0.0,0,4,170,2
34,26,1,170,40,1,1,0,0,0,0,0,0,3,5000.0,20000.0,9,9,8,9,10,9,10,9,9,10,10,10,10,0.0,0,5,168,1
35,44,1,170,50,0,0,1,0,0,0,0,0,2,2000.0,10000.0,10,9,9,8,9,10,10,10,9,9,9,9,9,0.0,0,1,21,5
35,44,1,170,50,0,0,1,0,0,0,0,0,2,2000.0,10000.0,10,9,9,8,9,10,10,10,9,9,9,9,9,0.0,0,2,22,4
35,44,1,170,50,0,0,1,0,0,0,0,0,2,2000.0,10000.0,10,9,9,8,9,10,10,10,9,9,9,9,9,0.0,0,3,24,3
35,44,1,170,50,0,0,1,0,0,0,0,0,2,2000.0,10000.0,10,9,9,8,9,10,10,10,9,9,9,9,9,0.0,0,4,23,2
35,44,1,170,50,0,0,1,0,0,0,0,0,2,2000.0,10000.0,10,9,9,8,9,10,10,10,9,9,9,9,9,0.0,0,5,25,1
35,44,1,170,50,0,0,1,0,0,0,0,0,1,15000.0,20000.0,10,9,10,10,9,9,9,9,8,10,10,10,10,0.0,0,1,138,5
35,44,1,170,50,0,0,1,0,0,0,0,0,1,15000.0,20000.0,10,9,10,10,9,9,9,9,8,10,10,10,10,0.0,0,2,137,4
35,44,1,170,50,0,0,1,0,0,0,0,0,1,15000.0,20000.0,10,9,10,10,9,9,9,9,8,10,10,10,10,0.0,0,3,139,3
35,44,1,170,50,0,0,1,0,0,0,0,0,1,15000.0,20000.0,10,9,10,10,9,9,9,9,8,10,10,10,10,0.0,0,4,140,2
35,44,1,170,50,0,0,1,0,0,0,0,0,1,15000.0,20000.0,10,9,10,10,9,9,9,9,8,10,10,10,10,0.0,0,5,141,1
35,44,1,170,50,0,0,1,0,0,0,0,0,0,3000.0,10000.0,10,9,9,10,10,8,9,10,9,10,10,9,9,0.0,0,1,21,5
35,44,1,170,50,0,0,1,0,0,0,0,0,0,3000.0,10000.0,10,9,9,10,10,8,9,10,9,10,10,9,9,0.0,0,2,22,4
35,44,1,170,50,0,0,1,0,0,0,0,0,0,3000.0,10000.0,10,9,9,10,10,8,9,10,9,10,10,9,9,0.0,0,3,23,3
35,44,1,170,50,0,0,1,0,0,0,0,0,0,3000.0,10000.0,10,9,9,10,10,8,9,10,9,10,10,9,9,0.0,0,4,24,2
35,44,1,170,50,0,0,1,0,0,0,0,0,0,3000.0,10000.0,10,9,9,10,10,8,9,10,9,10,10,9,9,0.0,0,5,25,1
35,44,1,170,50,0,0,1,0,0,0,0,0,3,2000.0,20000.0,10,9,9,10,9,8,10,9,10,9,10,10,10,0.0,0,1,1,5
35,44,1,170,50,0,0,1,0,0,0,0,0,3,2000.0,20000.0,10,9,9,10,9,8,10,9,10,9,10,10,10,0.0,0,2,2,4
35,44,1,170,50,0,0,1,0,0,0,0,0,3,2000.0,20000.0,10,9,9,10,9,8,10,9,10,9,10,10,10,0.0,0,3,3,3
35,44,1,170,50,0,0,1,0,0,0,0,0,3,2000.0,20000.0,10,9,9,10,9,8,10,9,10,9,10,10,10,0.0,0,4,10,2
35,44,1,170,50,0,0,1,0,0,0,0,0,3,2000.0,20000.0,10,9,9,10,9,8,10,9,10,9,10,10,10,0.0,0,5,9,1
36,39,0,150,40,1,1,0,0,0,0,0,0,2,10000.0,15000.0,10,9,9,10,9,8,10,10,8,9,10,9,8,0.0,0,1,99,5
36,39,0,150,40,1,1,0,0,0,0,0,0,2,10000.0,15000.0,10,9,9,10,9,8,10,10,8,9,10,9,8,0.0,0,2,100,4
36,39,0,150,40,1,1,0,0,0,0,0,0,2,10000.0,15000.0,10,9,9,10,9,8,10,10,8,9,10,9,8,0.0,0,3,101,3
36,39,0,150,40,1,1,0,0,0,0,0,0,2,10000.0,15000.0,10,9,9,10,9,8,10,10,8,9,10,9,8,0.0,0,4,102,2
36,39,0,150,40,1,1,0,0,0,0,0,0,2,10000.0,15000.0,10,9,9,10,9,8,10,10,8,9,10,9,8,0.0,0,5,103,1
36,39,0,150,40,1,1,0,0,0,0,0,0,1,10000.0,20000.0,10,9,9,9,9,10,10,8,10,9,10,10,10,0.0,0,1,40,5
36,39,0,150,40,1,1,0,0,0,0,0,0,1,10000.0,20000.0,10,9,9,9,9,10,10,8,10,9,10,10,10,0.0,0,2,41,4
36,39,0,150,40,1,1,0,0,0,0,0,0,1,10000.0,20000.0,10,9,9,9,9,10,10,8,10,9,10,10,10,0.0,0,3,42,3
36,39,0,150,40,1,1,0,0,0,0,0,0,1,10000.0,20000.0,10,9,9,9,9,10,10,8,10,9,10,10,10,0.0,0,4,80,2
36,39,0,150,40,1,1,0,0,0,0,0,0,1,10000.0,20000.0,10,9,9,9,9,10,10,8,10,9,10,10,10,0.0,0,5,81,1
36,39,0,150,40,1,1,0,0,0,0,0,0,0,2000.0,10000.0,10,9,9,8,10,10,10,9,10,9,10,10,10,0.0,0,1,21,5
36,39,0,150,40,1,1,0,0,0,0,0,0,0,2000.0,10000.0,10,9,9,8,10,10,10,9,10,9,10,10,10,0.0,0,2,22,4
36,39,0,150,40,1,1,0,0,0,0,0,0,0,2000.0,10000.0,10,9,9,8,10,10,10,9,10,9,10,10,10,0.0,0,3,23,3
36,39,0,150,40,1,1,0,0,0,0,0,0,0,2000.0,10000.0,10,9,9,8,10,10,10,9,10,9,10,10,10,0.0,0,4,24,2
36,39,0,150,40,1,1,0,0,0,0,0,0,0,2000.0,10000.0,10,9,9,8,10,10,10,9,10,9,10,10,10,0.0,0,5,25,1
36,39,0,150,40,1,1,0,0,0,0,0,0,3,20000.0,30000.0,10,9,9,10,9,9,10,10,10,9,9,10,10,0.0,0,1,18,5
36,39,0,150,40,1,1,0,0,0,0,0,0,3,20000.0,30000.0,10,9,9,10,9,9,10,10,10,9,9,10,10,0.0,0,2,16,4
36,39,0,150,40,1,1,0,0,0,0,0,0,3,20000.0,30000.0,10,9,9,10,9,9,10,10,10,9,9,10,10,0.0,0,3,17,3
36,39,0,150,40,1,1,0,0,0,0,0,0,3,20000.0,30000.0,10,9,9,10,9,9,10,10,10,9,9,10,10,0.0,0,4,15,2
36,39,0,150,40,1,1,0,0,0,0,0,0,3,20000.0,30000.0,10,9,9,10,9,9,10,10,10,9,9,10,10,0.0,0,5,19,1
37,18,1,170,50,1,0,1,0,0,0,0,0,2,1000.0,10000.0,10,9,9,8,9,10,10,9,9,9,9,9,10,0.0,0,1,21,5
37,18,1,170,50,1,0,1,0,0,0,0,0,2,1000.0,10000.0,10,9,9,8,9,10,10,9,9,9,9,9,10,0.0,0,2,22,4
37,18,1,170,50,1,0,1,0,0,0,0,0,2,1000.0,10000.0,10,9,9,8,9,10,10,9,9,9,9,9,10,0.0,0,3,24,3
37,18,1,170,50,1,0,1,0,0,0,0,0,2,1000.0,10000.0,10,9,9,8,9,10,10,9,9,9,9,9,10,0.0,0,4,23,2
37,18,1,170,50,1,0,1,0,0,0,0,0,2,1000.0,10000.0,10,9,9,8,9,10,10,9,9,9,9,9,10,0.0,0,5,26,1
37,18,1,170,50,1,0,1,0,0,0,0,0,1,10000.0,15000.0,10,9,10,9,10,8,10,9,10,9,9,10,10,0.0,0,1,19,5
37,18,1,170,50,1,0,1,0,0,0,0,0,1,10000.0,15000.0,10,9,10,9,10,8,10,9,10,9,9,10,10,0.0,0,2,22,4
37,18,1,170,50,1,0,1,0,0,0,0,0,1,10000.0,15000.0,10,9,10,9,10,8,10,9,10,9,9,10,10,0.0,0,3,21,3
37,18,1,170,50,1,0,1,0,0,0,0,0,1,10000.0,15000.0,10,9,10,9,10,8,10,9,10,9,9,10,10,0.0,0,4,24,2
37,18,1,170,50,1,0,1,0,0,0,0,0,1,10000.0,15000.0,10,9,10,9,10,8,10,9,10,9,9,10,10,0.0,0,5,26,1
37,18,1,170,50,1,0,1,0,0,0,0,0,0,10000.0,15000.0,10,9,9,10,9,9,8,9,10,9,9,9,9,0.0,0,1,103,5
37,18,1,170,50,1,0,1,0,0,0,0,0,0,10000.0,15000.0,10,9,9,10,9,9,8,9,10,9,9,9,9,0.0,0,2,100,4
37,18,1,170,50,1,0,1,0,0,0,0,0,0,10000.0,15000.0,10,9,9,10,9,9,8,9,10,9,9,9,9,0.0,0,3,99,3
37,18,1,170,50,1,0,1,0,0,0,0,0,0,10000.0,15000.0,10,9,9,10,9,9,8,9,10,9,9,9,9,0.0,0,4,102,2
37,18,1,170,50,1,0,1,0,0,0,0,0,0,10000.0,15000.0,10,9,9,10,9,9,8,9,10,9,9,9,9,0.0,0,5,104,1
37,18,1,170,50,1,0,1,0,0,0,0,0,3,20000.0,25000.0,10,9,10,9,10,10,9,10,9,10,9,10,10,0.0,0,1,16,5
37,18,1,170,50,1,0,1,0,0,0,0,0,3,20000.0,25000.0,10,9,10,9,10,10,9,10,9,10,9,10,10,0.0,0,2,15,4
37,18,1,170,50,1,0,1,0,0,0,0,0,3,20000.0,25000.0,10,9,10,9,10,10,9,10,9,10,9,10,10,0.0,0,3,17,3
37,18,1,170,50,1,0,1,0,0,0,0,0,3,20000.0,25000.0,10,9,10,9,10,10,9,10,9,10,9,10,10,0.0,0,4,18,2
37,18,1,170,50,1,0,1,0,0,0,0,0,3,20000.0,25000.0,10,9,10,9,10,10,9,10,9,10,9,10,10,0.0,0,5,19,1
38,21,1,170,60,0,0,1,0,0,0,0,0,2,10000.0,20000.0,10,9,10,8,10,9,10,10,9,10,10,10,10,0.0,0,1,93,5
38,21,1,170,60,0,0,1,0,0,0,0,0,2,10000.0,20000.0,10,9,10,8,10,9,10,10,9,10,10,10,10,0.0,0,2,94,4
38,21,1,170,60,0,0,1,0,0,0,0,0,2,10000.0,20000.0,10,9,10,8,10,9,10,10,9,10,10,10,10,0.0,0,3,95,3
38,21,1,170,60,0,0,1,0,0,0,0,0,2,10000.0,20000.0,10,9,10,8,10,9,10,10,9,10,10,10,10,0.0,0,4,96,2
38,21,1,170,60,0,0,1,0,0,0,0,0,2,10000.0,20000.0,10,9,10,8,10,9,10,10,9,10,10,10,10,0.0,0,5,115,1
38,21,1,170,60,0,0,1,0,0,0,0,0,1,20000.0,30000.0,10,10,9,10,10,9,9,9,9,10,9,9,10,0.0,1,1,64,5
38,21,1,170,60,0,0,1,0,0,0,0,0,1,20000.0,30000.0,10,10,9,10,10,9,9,9,9,10,9,9,10,0.0,1,2,65,4
38,21,1,170,60,0,0,1,0,0,0,0,0,1,20000.0,30000.0,10,10,9,10,10,9,9,9,9,10,9,9,10,0.0,1,3,66,3
38,21,1,170,60,0,0,1,0,0,0,0,0,1,20000.0,30000.0,10,10,9,10,10,9,9,9,9,10,9,9,10,0.0,1,4,67,2
38,21,1,170,60,0,0,1,0,0,0,0,0,1,20000.0,30000.0,10,10,9,10,10,9,9,9,9,10,9,9,10,0.0,1,5,68,1
38,21,1,170,60,0,0,1,0,0,0,0,0,0,10000.0,20000.0,10,10,9,9,10,9,10,10,10,10,10,10,10,0.0,0,1,12,5
38,21,1,170,60,0,0,1,0,0,0,0,0,0,10000.0,20000.0,10,10,9,9,10,9,10,10,10,10,10,10,10,0.0,0,2,11,4
38,21,1,170,60,0,0,1,0,0,0,0,0,0,10000.0,20000.0,10,10,9,9,10,9,10,10,10,10,10,10,10,0.0,0,3,13,3
38,21,1,170,60,0,0,1,0,0,0,0,0,0,10000.0,20000.0,10,10,9,9,10,9,10,10,10,10,10,10,10,0.0,0,4,105,2
38,21,1,170,60,0,0,1,0,0,0,0,0,0,10000.0,20000.0,10,10,9,9,10,9,10,10,10,10,10,10,10,0.0,0,5,106,1
38,21,1,170,60,0,0,1,0,0,0,0,0,3,10000.0,20000.0,10,9,9,10,9,9,10,10,8,9,10,10,10,0.0,0,1,43,5
38,21,1,170,60,0,0,1,0,0,0,0,0,3,10000.0,20000.0,10,9,9,10,9,9,10,10,8,9,10,10,10,0.0,0,2,42,4
38,21,1,170,60,0,0,1,0,0,0,0,0,3,10000.0,20000.0,10,9,9,10,9,9,10,10,8,9,10,10,10,0.0,0,3,45,3
38,21,1,170,60,0,0,1,0,0,0,0,0,3,10000.0,20000.0,10,9,9,10,9,9,10,10,8,9,10,10,10,0.0,0,4,46,2
38,21,1,170,60,0,0,1,0,0,0,0,0,3,10000.0,20000.0,10,9,9,10,9,9,10,10,8,9,10,10,10,0.0,0,5,47,1
39,20,0,146,40,0,0,1,0,0,0,0,0,2,10000.0,20000.0,7,9,6,8,8,8,7,7,8,9,8,7,8,1.0,1,1,20,5
39,20,0,146,40,0,0,1,0,0,0,0,0,2,10000.0,20000.0,7,9,6,8,8,8,7,7,8,9,8,7,8,1.0,1,2,40,4
39,20,0,146,40,0,0,1,0,0,0,0,0,2,10000.0,20000.0,7,9,6,8,8,8,7,7,8,9,8,7,8,1.0,1,3,115,3
39,20,0,146,40,0,0,1,0,0,0,0,0,2,10000.0,20000.0,7,9,6,8,8,8,7,7,8,9,8,7,8,1.0,1,4,163,2
39,20,0,146,40,0,0,1,0,0,0,0,0,2,10000.0,20000.0,7,9,6,8,8,8,7,7,8,9,8,7,8,1.0,1,5,130,1
39,20,0,146,40,0,0,1,0,0,0,0,0,1,10000.0,23000.0,7,9,6,7,8,8,8,8,7,8,8,6,7,1.0,1,1,121,5
39,20,0,146,40,0,0,1,0,0,0,0,0,1,10000.0,23000.0,7,9,6,7,8,8,8,8,7,8,8,6,7,1.0,1,2,122,4
39,20,0,146,40,0,0,1,0,0,0,0,0,1,10000.0,23000.0,7,9,6,7,8,8,8,8,7,8,8,6,7,1.0,1,3,125,3
39,20,0,146,40,0,0,1,0,0,0,0,0,1,10000.0,23000.0,7,9,6,7,8,8,8,8,7,8,8,6,7,1.0,1,4,113,2
39,20,0,146,40,0,0,1,0,0,0,0,0,1,10000.0,23000.0,7,9,6,7,8,8,8,8,7,8,8,6,7,1.0,1,5,58,1
39,20,0,146,40,0,0,1,0,0,0,0,0,0,10000.0,25000.0,3,9,2,8,6,8,9,9,9,7,8,6,7,0.0,0,1,11,5
39,20,0,146,40,0,0,1,0,0,0,0,0,0,10000.0,25000.0,3,9,2,8,6,8,9,9,9,7,8,6,7,0.0,0,2,19,4
39,20,0,146,40,0,0,1,0,0,0,0,0,0,10000.0,25000.0,3,9,2,8,6,8,9,9,9,7,8,6,7,0.0,0,3,144,3
39,20,0,146,40,0,0,1,0,0,0,0,0,0,10000.0,25000.0,3,9,2,8,6,8,9,9,9,7,8,6,7,0.0,0,4,159,2
39,20,0,146,40,0,0,1,0,0,0,0,0,0,10000.0,25000.0,3,9,2,8,6,8,9,9,9,7,8,6,7,0.0,0,5,135,1
39,20,0,146,40,0,0,1,0,0,0,0,0,3,6000.0,15000.0,2,9,2,5,5,7,7,7,5,4,4,4,6,1.0,1,1,173,5
39,20,0,146,40,0,0,1,0,0,0,0,0,3,6000.0,15000.0,2,9,2,5,5,7,7,7,5,4,4,4,6,1.0,1,2,174,4
39,20,0,146,40,0,0,1,0,0,0,0,0,3,6000.0,15000.0,2,9,2,5,5,7,7,7,5,4,4,4,6,1.0,1,3,171,3
39,20,0,146,40,0,0,1,0,0,0,0,0,3,6000.0,15000.0,2,9,2,5,5,7,7,7,5,4,4,4,6,1.0,1,4,167,2
39,20,0,146,40,0,0,1,0,0,0,0,0,3,6000.0,15000.0,2,9,2,5,5,7,7,7,5,4,4,4,6,1.0,1,5,168,1
40,40,0,160,50,0,1,0,0,0,0,0,0,2,10000.0,15000.0,10,9,9,10,9,10,10,9,10,9,9,10,10,0.0,0,1,163,5
40,40,0,160,50,0,1,0,0,0,0,0,0,2,10000.0,15000.0,10,9,9,10,9,10,10,9,10,9,9,10,10,0.0,0,2,93,4
40,40,0,160,50,0,1,0,0,0,0,0,0,2,10000.0,15000.0,10,9,9,10,9,10,10,9,10,9,9,10,10,0.0,0,3,94,3
40,40,0,160,50,0,1,0,0,0,0,0,0,2,10000.0,15000.0,10,9,9,10,9,10,10,9,10,9,9,10,10,0.0,0,4,95,2
40,40,0,160,50,0,1,0,0,0,0,0,0,2,10000.0,15000.0,10,9,9,10,9,10,10,9,10,9,9,10,10,0.0,0,5,96,1
40,40,0,160,50,0,1,0,0,0,0,0,0,1,10000.0,20000.0,10,8,10,9,9,10,9,10,10,9,9,10,10,0.0,0,1,21,5
40,40,0,160,50,0,1,0,0,0,0,0,0,1,10000.0,20000.0,10,8,10,9,9,10,9,10,10,9,9,10,10,0.0,0,2,22,4
40,40,0,160,50,0,1,0,0,0,0,0,0,1,10000.0,20000.0,10,8,10,9,9,10,9,10,10,9,9,10,10,0.0,0,3,23,3
40,40,0,160,50,0,1,0,0,0,0,0,0,1,10000.0,20000.0,10,8,10,9,9,10,9,10,10,9,9,10,10,0.0,0,4,24,2
40,40,0,160,50,0,1,0,0,0,0,0,0,1,10000.0,20000.0,10,8,10,9,9,10,9,10,10,9,9,10,10,0.0,0,5,25,1
40,40,0,160,50,0,1,0,0,0,0,0,0,0,10000.0,20000.0,10,10,9,10,10,10,10,9,10,9,9,10,10,0.0,0,1,161,5
40,40,0,160,50,0,1,0,0,0,0,0,0,0,10000.0,20000.0,10,10,9,10,10,10,10,9,10,9,9,10,10,0.0,0,2,160,4
40,40,0,160,50,0,1,0,0,0,0,0,0,0,10000.0,20000.0,10,10,9,10,10,10,10,9,10,9,9,10,10,0.0,0,3,162,3
40,40,0,160,50,0,1,0,0,0,0,0,0,0,10000.0,20000.0,10,10,9,10,10,10,10,9,10,9,9,10,10,0.0,0,4,163,2
40,40,0,160,50,0,1,0,0,0,0,0,0,0,10000.0,20000.0,10,10,9,10,10,10,10,9,10,9,9,10,10,0.0,0,5,164,1
40,40,0,160,50,0,1,0,0,0,0,0,0,3,10000.0,15000.0,10,9,10,9,10,10,9,10,9,10,10,9,10,0.0,0,1,6,5
40,40,0,160,50,0,1,0,0,0,0,0,0,3,10000.0,15000.0,10,9,10,9,10,10,9,10,9,10,10,9,10,0.0,0,2,9,4
40,40,0,160,50,0,1,0,0,0,0,0,0,3,10000.0,15000.0,10,9,10,9,10,10,9,10,9,10,10,9,10,0.0,0,3,7,3
40,40,0,160,50,0,1,0,0,0,0,0,0,3,10000.0,15000.0,10,9,10,9,10,10,9,10,9,10,10,9,10,0.0,0,4,8,2
40,40,0,160,50,0,1,0,0,0,0,0,0,3,10000.0,15000.0,10,9,10,9,10,10,9,10,9,10,10,9,10,0.0,0,5,10,1
41,19,1,173,60,1,0,1,0,0,0,0,0,2,15000.0,20000.0,10,9,10,9,10,10,10,9,10,10,8,10,10,0.0,0,1,64,5
41,19,1,173,60,1,0,1,0,0,0,0,0,2,15000.0,20000.0,10,9,10,9,10,10,10,9,10,10,8,10,10,0.0,0,2,65,4
41,19,1,173,60,1,0,1,0,0,0,0,0,2,15000.0,20000.0,10,9,10,9,10,10,10,9,10,10,8,10,10,0.0,0,3,66,3
41,19,1,173,60,1,0,1,0,0,0,0,0,2,15000.0,20000.0,10,9,10,9,10,10,10,9,10,10,8,10,10,0.0,0,4,67,2
41,19,1,173,60,1,0,1,0,0,0,0,0,2,15000.0,20000.0,10,9,10,9,10,10,10,9,10,10,8,10,10,0.0,0,5,68,1
41,19,1,173,60,1,0,1,0,0,0,0,0,1,15000.0,20000.0,10,9,8,10,9,9,10,9,10,10,8,9,10,0.0,0,1,42,5
41,19,1,173,60,1,0,1,0,0,0,0,0,1,15000.0,20000.0,10,9,8,10,9,9,10,9,10,10,8,9,10,0.0,0,2,41,4
41,19,1,173,60,1,0,1,0,0,0,0,0,1,15000.0,20000.0,10,9,8,10,9,9,10,9,10,10,8,9,10,0.0,0,3,40,3
41,19,1,173,60,1,0,1,0,0,0,0,0,1,15000.0,20000.0,10,9,8,10,9,9,10,9,10,10,8,9,10,0.0,0,4,59,2
41,19,1,173,60,1,0,1,0,0,0,0,0,1,15000.0,20000.0,10,9,8,10,9,9,10,9,10,10,8,9,10,0.0,0,5,60,1
41,19,1,173,60,1,0,1,0,0,0,0,0,0,10000.0,15000.0,10,9,9,10,9,10,9,9,10,9,9,10,10,0.0,0,1,80,5
41,19,1,173,60,1,0,1,0,0,0,0,0,0,10000.0,15000.0,10,9,9,10,9,10,9,9,10,9,9,10,10,0.0,0,2,82,4
41,19,1,173,60,1,0,1,0,0,0,0,0,0,10000.0,15000.0,10,9,9,10,9,10,9,9,10,9,9,10,10,0.0,0,3,81,3
41,19,1,173,60,1,0,1,0,0,0,0,0,0,10000.0,15000.0,10,9,9,10,9,10,9,9,10,9,9,10,10,0.0,0,4,83,2
41,19,1,173,60,1,0,1,0,0,0,0,0,0,10000.0,15000.0,10,9,9,10,9,10,9,9,10,9,9,10,10,0.0,0,5,93,1
41,19,1,173,60,1,0,1,0,0,0,0,0,3,10000.0,15000.0,10,9,10,10,9,8,10,9,10,10,9,10,10,0.0,0,1,169,5
41,19,1,173,60,1,0,1,0,0,0,0,0,3,10000.0,15000.0,10,9,10,10,9,8,10,9,10,10,9,10,10,0.0,0,2,172,4
41,19,1,173,60,1,0,1,0,0,0,0,0,3,10000.0,15000.0,10,9,10,10,9,8,10,9,10,10,9,10,10,0.0,0,3,171,3
41,19,1,173,60,1,0,1,0,0,0,0,0,3,10000.0,15000.0,10,9,10,10,9,8,10,9,10,10,9,10,10,0.0,0,4,174,2
41,19,1,173,60,1,0,1,0,0,0,0,0,3,10000.0,15000.0,10,9,10,10,9,8,10,9,10,10,9,10,10,0.0,0,5,170,1
42,18,1,170,50,0,0,1,0,0,0,0,0,2,10000.0,20000.0,10,9,9,10,8,9,10,10,9,9,10,10,10,0.0,0,1,22,5
42,18,1,170,50,0,0,1,0,0,0,0,0,2,10000.0,20000.0,10,9,9,10,8,9,10,10,9,9,10,10,10,0.0,0,2,24,4
42,18,1,170,50,0,0,1,0,0,0,0,0,2,10000.0,20000.0,10,9,9,10,8,9,10,10,9,9,10,10,10,0.0,0,3,21,3
42,18,1,170,50,0,0,1,0,0,0,0,0,2,10000.0,20000.0,10,9,9,10,8,9,10,10,9,9,10,10,10,0.0,0,4,23,2
42,18,1,170,50,0,0,1,0,0,0,0,0,2,10000.0,20000.0,10,9,9,10,8,9,10,10,9,9,10,10,10,0.0,0,5,25,1
42,18,1,170,50,0,0,1,0,0,0,0,0,1,10000.0,20000.0,9,9,9,10,10,10,8,9,9,10,10,9,10,1.0,1,1,139,5
42,18,1,170,50,0,0,1,0,0,0,0,0,1,10000.0,20000.0,9,9,9,10,10,10,8,9,9,10,10,9,10,1.0,1,2,140,4
42,18,1,170,50,0,0,1,0,0,0,0,0,1,10000.0,20000.0,9,9,9,10,10,10,8,9,9,10,10,9,10,1.0,1,3,141,3
42,18,1,170,50,0,0,1,0,0,0,0,0,1,10000.0,20000.0,9,9,9,10,10,10,8,9,9,10,10,9,10,1.0,1,4,143,2
42,18,1,170,50,0,0,1,0,0,0,0,0,1,10000.0,20000.0,9,9,9,10,10,10,8,9,9,10,10,9,10,1.0,1,5,142,1
42,18,1,170,50,0,0,1,0,0,0,0,0,0,10000.0,15000.0,10,9,9,10,10,10,10,9,10,10,10,9,10,0.0,0,1,158,5
42,18,1,170,50,0,0,1,0,0,0,0,0,0,10000.0,15000.0,10,9,9,10,10,10,10,9,10,10,10,9,10,0.0,0,2,160,4
42,18,1,170,50,0,0,1,0,0,0,0,0,0,10000.0,15000.0,10,9,9,10,10,10,10,9,10,10,10,9,10,0.0,0,3,159,3
42,18,1,170,50,0,0,1,0,0,0,0,0,0,10000.0,15000.0,10,9,9,10,10,10,10,9,10,10,10,9,10,0.0,0,4,161,2
42,18,1,170,50,0,0,1,0,0,0,0,0,0,10000.0,15000.0,10,9,9,10,10,10,10,9,10,10,10,9,10,0.0,0,5,163,1
42,18,1,170,50,0,0,1,0,0,0,0,0,3,5000.0,20000.0,8,10,10,9,7,10,10,9,7,10,10,10,9,0.0,1,1,152,5
42,18,1,170,50,0,0,1,0,0,0,0,0,3,5000.0,20000.0,8,10,10,9,7,10,10,9,7,10,10,10,9,0.0,1,2,167,4
42,18,1,170,50,0,0,1,0,0,0,0,0,3,5000.0,20000.0,8,10,10,9,7,10,10,9,7,10,10,10,9,0.0,1,3,168,3
42,18,1,170,50,0,0,1,0,0,0,0,0,3,5000.0,20000.0,8,10,10,9,7,10,10,9,7,10,10,10,9,0.0,1,4,169,2
42,18,1,170,50,0,0,1,0,0,0,0,0,3,5000.0,20000.0,8,10,10,9,7,10,10,9,7,10,10,10,9,0.0,1,5,170,1
43,19,1,163,40,0,0,1,0,0,0,0,0,2,4000.0,15000.0,10,9,7,10,9,9,10,10,9,9,10,10,10,1.0,1,1,40,5
43,19,1,163,40,0,0,1,0,0,0,0,0,2,4000.0,15000.0,10,9,7,10,9,9,10,10,9,9,10,10,10,1.0,1,2,23,4
43,19,1,163,40,0,0,1,0,0,0,0,0,2,4000.0,15000.0,10,9,7,10,9,9,10,10,9,9,10,10,10,1.0,1,3,25,3
43,19,1,163,40,0,0,1,0,0,0,0,0,2,4000.0,15000.0,10,9,7,10,9,9,10,10,9,9,10,10,10,1.0,1,4,115,2
43,19,1,163,40,0,0,1,0,0,0,0,0,2,4000.0,15000.0,10,9,7,10,9,9,10,10,9,9,10,10,10,1.0,1,5,21,1
43,19,1,163,40,0,0,1,0,0,0,0,0,1,15000.0,20000.0,10,7,8,10,10,9,9,10,9,10,10,9,10,0.0,1,1,85,5
43,19,1,163,40,0,0,1,0,0,0,0,0,1,15000.0,20000.0,10,7,8,10,10,9,9,10,9,10,10,9,10,0.0,1,2,89,4
43,19,1,163,40,0,0,1,0,0,0,0,0,1,15000.0,20000.0,10,7,8,10,10,9,9,10,9,10,10,9,10,0.0,1,3,90,3
43,19,1,163,40,0,0,1,0,0,0,0,0,1,15000.0,20000.0,10,7,8,10,10,9,9,10,9,10,10,9,10,0.0,1,4,92,2
43,19,1,163,40,0,0,1,0,0,0,0,0,1,15000.0,20000.0,10,7,8,10,10,9,9,10,9,10,10,9,10,0.0,1,5,88,1
43,19,1,163,40,0,0,1,0,0,0,0,0,0,10000.0,20000.0,10,8,7,10,10,9,10,7,7,7,10,10,9,0.0,0,1,153,5
43,19,1,163,40,0,0,1,0,0,0,0,0,0,10000.0,20000.0,10,8,7,10,10,9,10,7,7,7,10,10,9,0.0,0,2,155,4
43,19,1,163,40,0,0,1,0,0,0,0,0,0,10000.0,20000.0,10,8,7,10,10,9,10,7,7,7,10,10,9,0.0,0,3,156,3
43,19,1,163,40,0,0,1,0,0,0,0,0,0,10000.0,20000.0,10,8,7,10,10,9,10,7,7,7,10,10,9,0.0,0,4,154,2
43,19,1,163,40,0,0,1,0,0,0,0,0,0,10000.0,20000.0,10,8,7,10,10,9,10,7,7,7,10,10,9,0.0,0,5,157,1
43,19,1,163,40,0,0,1,0,0,0,0,0,3,3000.0,20000.0,10,9,9,10,10,10,9,9,10,9,8,9,10,1.0,1,1,128,5
43,19,1,163,40,0,0,1,0,0,0,0,0,3,3000.0,20000.0,10,9,9,10,10,10,9,9,10,9,8,9,10,1.0,1,2,130,4
43,19,1,163,40,0,0,1,0,0,0,0,0,3,3000.0,20000.0,10,9,9,10,10,10,9,9,10,9,8,9,10,1.0,1,3,129,3
43,19,1,163,40,0,0,1,0,0,0,0,0,3,3000.0,20000.0,10,9,9,10,10,10,9,9,10,9,8,9,10,1.0,1,4,132,2
43,19,1,163,40,0,0,1,0,0,0,0,0,3,3000.0,20000.0,10,9,9,10,10,10,9,9,10,9,8,9,10,1.0,1,5,133,1
44,17,1,180,64,1,0,0,0,0,1,0,0,2,15000.0,20000.0,3,6,2,10,8,10,1,1,1,8,5,7,5,0.0,0,1,58,5
44,17,1,180,64,1,0,0,0,0,1,0,0,2,15000.0,20000.0,3,6,2,10,8,10,1,1,1,8,5,7,5,0.0,0,2,59,4
44,17,1,180,64,1,0,0,0,0,1,0,0,2,15000.0,20000.0,3,6,2,10,8,10,1,1,1,8,5,7,5,0.0,0,3,73,3
44,17,1,180,64,1,0,0,0,0,1,0,0,2,15000.0,20000.0,3,6,2,10,8,10,1,1,1,8,5,7,5,0.0,0,4,86,2
44,17,1,180,64,1,0,0,0,0,1,0,0,2,15000.0,20000.0,3,6,2,10,8,10,1,1,1,8,5,7,5,0.0,0,5,115,1
44,17,1,180,64,1,0,0,0,0,1,0,0,1,15000.0,20000.0,3,5,4,10,8,10,1,1,1,6,5,8,5,0.0,0,1,111,5
44,17,1,180,64,1,0,0,0,0,1,0,0,1,15000.0,20000.0,3,5,4,10,8,10,1,1,1,6,5,8,5,0.0,0,2,73,4
44,17,1,180,64,1,0,0,0,0,1,0,0,1,15000.0,20000.0,3,5,4,10,8,10,1,1,1,6,5,8,5,0.0,0,3,78,3
44,17,1,180,64,1,0,0,0,0,1,0,0,1,15000.0,20000.0,3,5,4,10,8,10,1,1,1,6,5,8,5,0.0,0,4,102,2
44,17,1,180,64,1,0,0,0,0,1,0,0,1,15000.0,20000.0,3,5,4,10,8,10,1,1,1,6,5,8,5,0.0,0,5,80,1
44,17,1,180,64,1,0,0,0,0,1,0,0,0,15000.0,20000.0,3,6,3,10,8,9,3,2,1,5,4,7,3,0.0,0,1,111,5
44,17,1,180,64,1,0,0,0,0,1,0,0,0,15000.0,20000.0,3,6,3,10,8,9,3,2,1,5,4,7,3,0.0,0,2,73,4
44,17,1,180,64,1,0,0,0,0,1,0,0,0,15000.0,20000.0,3,6,3,10,8,9,3,2,1,5,4,7,3,0.0,0,3,66,3
44,17,1,180,64,1,0,0,0,0,1,0,0,0,15000.0,20000.0,3,6,3,10,8,9,3,2,1,5,4,7,3,0.0,0,4,78,2
44,17,1,180,64,1,0,0,0,0,1,0,0,0,15000.0,20000.0,3,6,3,10,8,9,3,2,1,5,4,7,3,0.0,0,5,86,1
44,17,1,180,64,1,0,0,0,0,1,0,0,3,15000.0,20000.0,4,9,5,10,8,10,1,1,1,9,5,8,4,0.0,1,1,9,5
44,17,1,180,64,1,0,0,0,0,1,0,0,3,15000.0,20000.0,4,9,5,10,8,10,1,1,1,9,5,8,4,0.0,1,2,135,4
44,17,1,180,64,1,0,0,0,0,1,0,0,3,15000.0,20000.0,4,9,5,10,8,10,1,1,1,9,5,8,4,0.0,1,3,145,3
44,17,1,180,64,1,0,0,0,0,1,0,0,3,15000.0,20000.0,4,9,5,10,8,10,1,1,1,9,5,8,4,0.0,1,4,174,2
44,17,1,180,64,1,0,0,0,0,1,0,0,3,15000.0,20000.0,4,9,5,10,8,10,1,1,1,9,5,8,4,0.0,1,5,167,1
45,19,0,158,54,0,0,1,0,0,0,0,0,2,10000.0,30000.0,10,5,7,8,5,8,1,1,1,8,1,6,1,1.0,1,1,63,5
45,19,0,158,54,0,0,1,0,0,0,0,0,2,10000.0,30000.0,10,5,7,8,5,8,1,1,1,8,1,6,1,1.0,1,2,64,4
45,19,0,158,54,0,0,1,0,0,0,0,0,2,10000.0,30000.0,10,5,7,8,5,8,1,1,1,8,1,6,1,1.0,1,3,80,3
45,19,0,158,54,0,0,1,0,0,0,0,0,2,10000.0,30000.0,10,5,7,8,5,8,1,1,1,8,1,6,1,1.0,1,4,81,2
45,19,0,158,54,0,0,1,0,0,0,0,0,2,10000.0,30000.0,10,5,7,8,5,8,1,1,1,8,1,6,1,1.0,1,5,84,1
45,19,0,158,54,0,0,1,0,0,0,0,0,1,10000.0,30000.0,10,5,7,9,6,10,1,1,1,9,1,6,1,1.0,1,1,63,5
45,19,0,158,54,0,0,1,0,0,0,0,0,1,10000.0,30000.0,10,5,7,9,6,10,1,1,1,9,1,6,1,1.0,1,2,64,4
45,19,0,158,54,0,0,1,0,0,0,0,0,1,10000.0,30000.0,10,5,7,9,6,10,1,1,1,9,1,6,1,1.0,1,3,84,3
45,19,0,158,54,0,0,1,0,0,0,0,0,1,10000.0,30000.0,10,5,7,9,6,10,1,1,1,9,1,6,1,1.0,1,4,68,2
45,19,0,158,54,0,0,1,0,0,0,0,0,1,10000.0,30000.0,10,5,7,9,6,10,1,1,1,9,1,6,1,1.0,1,5,79,1
45,19,0,158,54,0,0,1,0,0,0,0,0,0,5000.0,15000.0,7,10,1,1,1,1,10,7,4,2,7,7,7,0.0,1,1,135,5
45,19,0,158,54,0,0,1,0,0,0,0,0,0,5000.0,15000.0,7,10,1,1,1,1,10,7,4,2,7,7,7,0.0,1,2,137,4
45,19,0,158,54,0,0,1,0,0,0,0,0,0,5000.0,15000.0,7,10,1,1,1,1,10,7,4,2,7,7,7,0.0,1,3,9,3
45,19,0,158,54,0,0,1,0,0,0,0,0,0,5000.0,15000.0,7,10,1,1,1,1,10,7,4,2,7,7,7,0.0,1,4,144,2
45,19,0,158,54,0,0,1,0,0,0,0,0,0,5000.0,15000.0,7,10,1,1,1,1,10,7,4,2,7,7,7,0.0,1,5,167,1
45,19,0,158,54,0,0,1,0,0,0,0,0,3,1000.0,15000.0,10,4,4,10,5,10,1,1,1,10,1,1,1,,1,1,34,5
45,19,0,158,54,0,0,1,0,0,0,0,0,3,1000.0,15000.0,10,4,4,10,5,10,1,1,1,10,1,1,1,,1,2,35,4
45,19,0,158,54,0,0,1,0,0,0,0,0,3,1000.0,15000.0,10,4,4,10,5,10,1,1,1,10,1,1,1,,1,3,32,3
45,19,0,158,54,0,0,1,0,0,0,0,0,3,1000.0,15000.0,10,4,4,10,5,10,1,1,1,10,1,1,1,,1,4,170,2
45,19,0,158,54,0,0,1,0,0,0,0,0,3,1000.0,15000.0,10,4,4,10,5,10,1,1,1,10,1,1,1,,1,5,134,1
46,19,0,155,38,0,0,1,0,0,0,0,0,2,10000.0,20000.0,9,7,8,9,9,9,5,5,5,9,5,8,6,1.0,1,1,64,5
46,19,0,155,38,0,0,1,0,0,0,0,0,2,10000.0,20000.0,9,7,8,9,9,9,5,5,5,9,5,8,6,1.0,1,2,115,4
46,19,0,155,38,0,0,1,0,0,0,0,0,2,10000.0,20000.0,9,7,8,9,9,9,5,5,5,9,5,8,6,1.0,1,3,172,3
46,19,0,155,38,0,0,1,0,0,0,0,0,2,10000.0,20000.0,9,7,8,9,9,9,5,5,5,9,5,8,6,1.0,1,4,127,2
46,19,0,155,38,0,0,1,0,0,0,0,0,2,10000.0,20000.0,9,7,8,9,9,9,5,5,5,9,5,8,6,1.0,1,5,62,1
46,19,0,155,38,0,0,1,0,0,0,0,0,1,10000.0,20000.0,9,6,8,9,9,9,5,6,5,8,5,7,5,1.0,1,1,126,5
46,19,0,155,38,0,0,1,0,0,0,0,0,1,10000.0,20000.0,9,6,8,9,9,9,5,6,5,8,5,7,5,1.0,1,2,174,4
46,19,0,155,38,0,0,1,0,0,0,0,0,1,10000.0,20000.0,9,6,8,9,9,9,5,6,5,8,5,7,5,1.0,1,3,59,3
46,19,0,155,38,0,0,1,0,0,0,0,0,1,10000.0,20000.0,9,6,8,9,9,9,5,6,5,8,5,7,5,1.0,1,4,16,2
46,19,0,155,38,0,0,1,0,0,0,0,0,1,10000.0,20000.0,9,6,8,9,9,9,5,6,5,8,5,7,5,1.0,1,5,58,1
46,19,0,155,38,0,0,1,0,0,0,0,0,0,5000.0,15000.0,9,7,8,9,9,10,7,7,6,9,5,8,6,1.0,1,1,9,5
46,19,0,155,38,0,0,1,0,0,0,0,0,0,5000.0,15000.0,9,7,8,9,9,10,7,7,6,9,5,8,6,1.0,1,2,22,4
46,19,0,155,38,0,0,1,0,0,0,0,0,0,5000.0,15000.0,9,7,8,9,9,10,7,7,6,9,5,8,6,1.0,1,3,132,3
46,19,0,155,38,0,0,1,0,0,0,0,0,0,5000.0,15000.0,9,7,8,9,9,10,7,7,6,9,5,8,6,1.0,1,4,120,2
46,19,0,155,38,0,0,1,0,0,0,0,0,0,5000.0,15000.0,9,7,8,9,9,10,7,7,6,9,5,8,6,1.0,1,5,135,1
46,19,0,155,38,0,0,1,0,0,0,0,0,3,5000.0,15000.0,8,8,8,8,8,8,6,6,6,9,4,7,5,1.0,1,1,4,5
46,19,0,155,38,0,0,1,0,0,0,0,0,3,5000.0,15000.0,8,8,8,8,8,8,6,6,6,9,4,7,5,1.0,1,2,6,4
46,19,0,155,38,0,0,1,0,0,0,0,0,3,5000.0,15000.0,8,8,8,8,8,8,6,6,6,9,4,7,5,1.0,1,3,43,3
46,19,0,155,38,0,0,1,0,0,0,0,0,3,5000.0,15000.0,8,8,8,8,8,8,6,6,6,9,4,7,5,1.0,1,4,167,2
46,19,0,155,38,0,0,1,0,0,0,0,0,3,5000.0,15000.0,8,8,8,8,8,8,6,6,6,9,4,7,5,1.0,1,5,173,1
47,21,1,167,63,1,0,1,0,0,0,0,0,2,150000.0,30000.0,2,8,1,9,1,5,7,1,1,5,1,1,1,1.0,0,1,121,5
47,21,1,167,63,1,0,1,0,0,0,0,0,2,150000.0,30000.0,2,8,1,9,1,5,7,1,1,5,1,1,1,1.0,0,2,115,4
47,21,1,167,63,1,0,1,0,0,0,0,0,2,150000.0,30000.0,2,8,1,9,1,5,7,1,1,5,1,1,1,1.0,0,3,71,3
47,21,1,167,63,1,0,1,0,0,0,0,0,2,150000.0,30000.0,2,8,1,9,1,5,7,1,1,5,1,1,1,1.0,0,4,62,2
47,21,1,167,63,1,0,1,0,0,0,0,0,2,150000.0,30000.0,2,8,1,9,1,5,7,1,1,5,1,1,1,1.0,0,5,127,1
47,21,1,167,63,1,0,1,0,0,0,0,0,1,10000.0,20000.0,1,7,1,8,1,6,9,1,1,6,1,1,1,1.0,0,1,166,5
47,21,1,167,63,1,0,1,0,0,0,0,0,1,10000.0,20000.0,1,7,1,8,1,6,9,1,1,6,1,1,1,1.0,0,2,145,4
47,21,1,167,63,1,0,1,0,0,0,0,0,1,10000.0,20000.0,1,7,1,8,1,6,9,1,1,6,1,1,1,1.0,0,3,121,3
47,21,1,167,63,1,0,1,0,0,0,0,0,1,10000.0,20000.0,1,7,1,8,1,6,9,1,1,6,1,1,1,1.0,0,4,22,2
47,21,1,167,63,1,0,1,0,0,0,0,0,1,10000.0,20000.0,1,7,1,8,1,6,9,1,1,6,1,1,1,1.0,0,5,167,1
47,21,1,167,63,1,0,1,0,0,0,0,0,0,10000.0,20000.0,2,7,1,8,2,4,9,2,2,7,6,1,1,1.0,0,1,117,5
47,21,1,167,63,1,0,1,0,0,0,0,0,0,10000.0,20000.0,2,7,1,8,2,4,9,2,2,7,6,1,1,1.0,0,2,103,4
47,21,1,167,63,1,0,1,0,0,0,0,0,0,10000.0,20000.0,2,7,1,8,2,4,9,2,2,7,6,1,1,1.0,0,3,57,3
47,21,1,167,63,1,0,1,0,0,0,0,0,0,10000.0,20000.0,2,7,1,8,2,4,9,2,2,7,6,1,1,1.0,0,4,104,2
47,21,1,167,63,1,0,1,0,0,0,0,0,0,10000.0,20000.0,2,7,1,8,2,4,9,2,2,7,6,1,1,1.0,0,5,24,1
47,21,1,167,63,1,0,1,0,0,0,0,0,3,150000.0,30000.0,2,7,1,8,1,9,9,1,1,9,1,1,1,1.0,0,1,17,5
47,21,1,167,63,1,0,1,0,0,0,0,0,3,150000.0,30000.0,2,7,1,8,1,9,9,1,1,9,1,1,1,1.0,0,2,32,4
47,21,1,167,63,1,0,1,0,0,0,0,0,3,150000.0,30000.0,2,7,1,8,1,9,9,1,1,9,1,1,1,1.0,0,3,33,3
47,21,1,167,63,1,0,1,0,0,0,0,0,3,150000.0,30000.0,2,7,1,8,1,9,9,1,1,9,1,1,1,1.0,0,4,5,2
47,21,1,167,63,1,0,1,0,0,0,0,0,3,150000.0,30000.0,2,7,1,8,1,9,9,1,1,9,1,1,1,1.0,0,5,38,1
48,20,0,150,53,0,0,1,0,0,0,0,0,2,10000.0,25000.0,8,5,9,9,10,10,5,5,4,9,7,7,7,1.0,0,1,60,5
48,20,0,150,53,0,0,1,0,0,0,0,0,2,10000.0,25000.0,8,5,9,9,10,10,5,5,4,9,7,7,7,1.0,0,2,104,4
48,20,0,150,53,0,0,1,0,0,0,0,0,2,10000.0,25000.0,8,5,9,9,10,10,5,5,4,9,7,7,7,1.0,0,3,102,3
48,20,0,150,53,0,0,1,0,0,0,0,0,2,10000.0,25000.0,8,5,9,9,10,10,5,5,4,9,7,7,7,1.0,0,4,65,2
48,20,0,150,53,0,0,1,0,0,0,0,0,2,10000.0,25000.0,8,5,9,9,10,10,5,5,4,9,7,7,7,1.0,0,5,78,1
48,20,0,150,53,0,0,1,0,0,0,0,0,1,10000.0,20000.0,9,5,8,10,10,7,4,5,7,8,8,5,8,1.0,0,1,57,5
48,20,0,150,53,0,0,1,0,0,0,0,0,1,10000.0,20000.0,9,5,8,10,10,7,4,5,7,8,8,5,8,1.0,0,2,103,4
48,20,0,150,53,0,0,1,0,0,0,0,0,1,10000.0,20000.0,9,5,8,10,10,7,4,5,7,8,8,5,8,1.0,0,3,104,3
48,20,0,150,53,0,0,1,0,0,0,0,0,1,10000.0,20000.0,9,5,8,10,10,7,4,5,7,8,8,5,8,1.0,0,4,121,2
48,20,0,150,53,0,0,1,0,0,0,0,0,1,10000.0,20000.0,9,5,8,10,10,7,4,5,7,8,8,5,8,1.0,0,5,122,1
48,20,0,150,53,0,0,1,0,0,0,0,0,0,10000.0,15000.0,8,7,8,9,10,6,5,4,3,8,8,7,6,1.0,0,1,60,5
48,20,0,150,53,0,0,1,0,0,0,0,0,0,10000.0,15000.0,8,7,8,9,10,6,5,4,3,8,8,7,6,1.0,0,2,25,4
48,20,0,150,53,0,0,1,0,0,0,0,0,0,10000.0,15000.0,8,7,8,9,10,6,5,4,3,8,8,7,6,1.0,0,3,23,3
48,20,0,150,53,0,0,1,0,0,0,0,0,0,10000.0,15000.0,8,7,8,9,10,6,5,4,3,8,8,7,6,1.0,0,4,24,2
48,20,0,150,53,0,0,1,0,0,0,0,0,0,10000.0,15000.0,8,7,8,9,10,6,5,4,3,8,8,7,6,1.0,0,5,22,1
48,20,0,150,53,0,0,1,0,0,0,0,0,3,2000.0,10000.0,1,10,1,1,1,1,1,10,10,10,1,6,8,1.0,0,1,15,5
48,20,0,150,53,0,0,1,0,0,0,0,0,3,2000.0,10000.0,1,10,1,1,1,1,1,10,10,10,1,6,8,1.0,0,2,17,4
48,20,0,150,53,0,0,1,0,0,0,0,0,3,2000.0,10000.0,1,10,1,1,1,1,1,10,10,10,1,6,8,1.0,0,3,135,3
48,20,0,150,53,0,0,1,0,0,0,0,0,3,2000.0,10000.0,1,10,1,1,1,1,1,10,10,10,1,6,8,1.0,0,4,138,2
48,20,0,150,53,0,0,1,0,0,0,0,0,3,2000.0,10000.0,1,10,1,1,1,1,1,10,10,10,1,6,8,1.0,0,5,136,1
49,21,1,167,55,1,0,1,0,0,0,0,0,2,15000.0,30000.0,9,4,6,2,1,5,2,6,9,1,1,1,4,0.0,1,1,74,5
49,21,1,167,55,1,0,1,0,0,0,0,0,2,15000.0,30000.0,9,4,6,2,1,5,2,6,9,1,1,1,4,0.0,1,2,78,4
49,21,1,167,55,1,0,1,0,0,0,0,0,2,15000.0,30000.0,9,4,6,2,1,5,2,6,9,1,1,1,4,0.0,1,3,111,3
49,21,1,167,55,1,0,1,0,0,0,0,0,2,15000.0,30000.0,9,4,6,2,1,5,2,6,9,1,1,1,4,0.0,1,4,63,2
49,21,1,167,55,1,0,1,0,0,0,0,0,2,15000.0,30000.0,9,4,6,2,1,5,2,6,9,1,1,1,4,0.0,1,5,4,1
49,21,1,167,55,1,0,1,0,0,0,0,0,1,15000.0,30000.0,8,3,6,2,1,3,2,10,9,1,5,3,6,0.0,1,1,63,5
49,21,1,167,55,1,0,1,0,0,0,0,0,1,15000.0,30000.0,8,3,6,2,1,3,2,10,9,1,5,3,6,0.0,1,2,74,4
49,21,1,167,55,1,0,1,0,0,0,0,0,1,15000.0,30000.0,8,3,6,2,1,3,2,10,9,1,5,3,6,0.0,1,3,78,3
49,21,1,167,55,1,0,1,0,0,0,0,0,1,15000.0,30000.0,8,3,6,2,1,3,2,10,9,1,5,3,6,0.0,1,4,4,2
49,21,1,167,55,1,0,1,0,0,0,0,0,1,15000.0,30000.0,8,3,6,2,1,3,2,10,9,1,5,3,6,0.0,1,5,58,1
49,21,1,167,55,1,0,1,0,0,0,0,0,0,10000.0,20000.0,6,3,3,1,1,2,1,5,9,1,4,2,3,0.0,1,1,119,5
49,21,1,167,55,1,0,1,0,0,0,0,0,0,10000.0,20000.0,6,3,3,1,1,2,1,5,9,1,4,2,3,0.0,1,2,74,4
49,21,1,167,55,1,0,1,0,0,0,0,0,0,10000.0,20000.0,6,3,3,1,1,2,1,5,9,1,4,2,3,0.0,1,3,78,3
49,21,1,167,55,1,0,1,0,0,0,0,0,0,10000.0,20000.0,6,3,3,1,1,2,1,5,9,1,4,2,3,0.0,1,4,115,2
49,21,1,167,55,1,0,1,0,0,0,0,0,0,10000.0,20000.0,6,3,3,1,1,2,1,5,9,1,4,2,3,0.0,1,5,112,1
49,21,1,167,55,1,0,1,0,0,0,0,0,3,20000.0,30000.0,10,3,8,2,4,3,1,2,5,1,6,8,5,0.0,1,1,173,5
49,21,1,167,55,1,0,1,0,0,0,0,0,3,20000.0,30000.0,10,3,8,2,4,3,1,2,5,1,6,8,5,0.0,1,2,162,4
49,21,1,167,55,1,0,1,0,0,0,0,0,3,20000.0,30000.0,10,3,8,2,4,3,1,2,5,1,6,8,5,0.0,1,3,55,3
49,21,1,167,55,1,0,1,0,0,0,0,0,3,20000.0,30000.0,10,3,8,2,4,3,1,2,5,1,6,8,5,0.0,1,4,15,2
49,21,1,167,55,1,0,1,0,0,0,0,0,3,20000.0,30000.0,10,3,8,2,4,3,1,2,5,1,6,8,5,0.0,1,5,34,1
